cust_id,Customer_Acc,Stated_Occupation,Account_Type,Age,Account_Tenure_Months,Balance,Average_Balance
cust_18032585,acc_85364412611056,"Sales, Marketing & Public Relations",Al-AWFAR,94,144,3997,3359
cust_79656044,acc_54472748186568,Production and Manufacturing Managers,GIA AWFAR,69,131,96379,87118
cust_68911436,acc_20427105190174,"FINANCE, INSURANCE, REAL ESTATE AND",GIA,94,31,14919,10387
cust_49499059,acc_16485323236564,Religious Professionals,GIA AWFAR,15,83,3352,2806
cust_48971371,acc_85779388993551,NON-EXECUTIVE,GIA,57,23,28893,16565
cust_87273812,acc_15001112521619,Renting of machinery&equipment w/o,GIA,80,183,98865,90955
cust_17735107,acc_35255029252029,Aircraft Pilots & Related Professionals,WAFIYAH,67,182,3137,2699
cust_72763122,acc_40071703645139,HEALTH AND SOCIAL WORK,GIA,89,65,7375,5931
cust_28132258,acc_25569500067243,EDUCATION,IHSAN,51,74,1515,1255
cust_18475961,acc_38250403282179,Manufacture of Tobacco Products,STDT,71,79,45834,39425
cust_57383108,acc_76842331005257,Religious Teachers,GIA AWFAR,47,214,24458,21517
cust_97806011,acc_11321455920406,DOCTOR VETERINAR,Al-AWFAR,88,120,33399,28717
cust_76217713,acc_84445608206861,Extra-Territorial Organisations and,GIA,20,184,11515,10359
cust_78502573,acc_87089322121710,Service and Sales Workers,GIA,32,110,6671,6032
cust_74572954,acc_43503541587239,FIRE FIGHTER,Al-AWFAR,18,169,9205,8468
cust_80745787,acc_23825160915457,Physical & Engineering Scien Technicians,WAFIYAH,73,129,34679,29112
cust_56190391,acc_64075636715057,AUDITOR,Al-AWFAR,30,70,46100,38298
cust_21530226,acc_20770530027840,CONSULTANT,STDT,38,211,100245,86795
cust_85577340,acc_42842742497042,Household,STDT,85,172,63633,58542
cust_50534734,acc_96258626281087,COMPANY DIRECTOR,GIA AWFAR,42,186,87539,76045
cust_55031672,acc_99591802532527,Service and Sales Workers,GIA AWFAR,23,228,77004,67669
cust_43371822,acc_79489440221912,GENERAL WORKER,Al-AWFAR,11,63,3865,3040
cust_26429467,acc_37986535892868,Scheduled air transport,IHSAN,30,26,3815,2405
cust_93408848,acc_71889854424948,Motor Vehicle Mechanics and Repaire,WAFIYAH,92,142,34326,30860
cust_80341071,acc_73486572893561,"PUBLIC ADMINISTRATION & DEFENSE,",STDT,59,81,34106,29213
cust_67947860,acc_44905752564728,SECTOR N.E.C,GIA AWFAR,99,107,70933,61830
cust_46217292,acc_67679977112754,Religious Teachers,GIA AWFAR,29,60,42309,31994
cust_84048545,acc_10965488047810,NURSE,GIA AWFAR,41,99,45147,40030
cust_59088620,acc_28815189274201,Managers,WAFIYAH,24,97,2788,2401
cust_49907277,acc_57257947267053,Vocational Education Teachers,iGain,45,87,23356,20688
cust_50541359,acc_24737617383246,Religious Professionals,IHSAN,60,180,12188,10665
cust_30451484,acc_24931618108888,Administrative Associate Profession,Al-AWFAR,82,144,3370,2837
cust_18292232,acc_85267386149521,EDITOR/WRITER,IHSAN,43,116,1931,1693
cust_59912630,acc_99021970241524,"Recreational, cultural and sporting",Al-AWFAR,79,31,2393,1690
cust_89910085,acc_60037248522560,Manufacture of Other Non-metallic,GIA,66,139,5530,4939
cust_15743553,acc_85516275779354,Engineering Prof(incl Electrotechno,GIA AWFAR,36,46,193899,143630
cust_87246216,acc_99128949789364,Landscape Architects,Al-AWFAR,92,79,12350,10035
cust_84486805,acc_22743629971189,"Retail trade,except of motor",GIA AWFAR,49,102,29010,26621
cust_34908372,acc_50342105192891,Managing Directors and Chief Executives,Al-AWFAR,23,38,5514,3736
cust_66849795,acc_45331544425772,FIRE FIGHTER,iGain,96,96,74314,62425
cust_24870617,acc_17204435528156,"Skilled Agricultural, Forestry, Livestock and Fishery Workers",iGain,92,67,5072,4217
cust_78227896,acc_77979715551527,SECRETARY,IHSAN,14,205,3260,2764
cust_73047066,acc_49040112459033,LAWYER/SOLICITOR,Al-AWFAR,91,207,5697,5241
cust_41907337,acc_52239424077136,Motor Vehicle Mechanics and Repaire,iGain,95,6,2594,1175
cust_16112800,acc_23560567643191,Clerical Support Workers,STDT,84,147,88052,80806
cust_97362822,acc_26283398700778,Manufacture of Tobacco Products,GIA,32,156,5027,4572
cust_50111873,acc_91639325994059,Household,STDT,66,94,86352,73810
cust_90380900,acc_14018418007685,TECHNICIAN,GIA,58,115,11717,9907
cust_71012711,acc_30956705644933,Accountants,IHSAN,65,191,7842,7003
cust_80054514,acc_36285339728307,Manufacture of Tobacco Products,WAFIYAH,65,94,34218,28412
cust_78390949,acc_54117778816142,EDUCATION,STDT,67,20,97875,58629
cust_27517483,acc_62780065571331,Landscape Architects,iGain,56,92,2189,1929
cust_42751542,acc_54396097826559,"Mining,Manufacturing & Construction Prof",GIA AWFAR,72,64,82336,70096
cust_52004890,acc_17570380110119,TANNING&DRESSING OF LEATHER;MFR OF,iGain,57,95,77144,67258
cust_54801238,acc_31930070865014,Landscape Architects,Al-AWFAR,11,59,4895,4018
cust_13942338,acc_85922954628628,Clerical Support Workers,WAFIYAH,13,40,5501,3905
cust_59191255,acc_67382983043061,CLERK,IHSAN,96,237,10055,8897
cust_23886054,acc_68423414512084,ACCOUNTANT,IHSAN,91,35,904,638
cust_76903831,acc_70318292981621,LAWYER/SOLICITOR,iGain,62,171,22876,20214
cust_71474405,acc_78661271713557,"OTHER COMMUNITY, SOCIAL & PERSONAL",iGain,25,174,32409,29287
cust_93027505,acc_15229763354930,SECRETARY,TDT,80,150,2293,1971
cust_42997839,acc_42994754643935,Hospitality & Rel Services Professi,GIA AWFAR,22,220,52537,45829
cust_97075875,acc_58557469173551,FIRE FIGHTER,IHSAN,43,6,4186,1898
cust_46976531,acc_40461083496759,General Office Clerks,TDT,39,76,6126,5268
cust_39324282,acc_86003098595846,SHIP ENGINEER,STDT,11,48,1356,983
cust_91498218,acc_53431525772856,MEDICAL DOCTOR,GIA,82,141,8697,7907
cust_43341373,acc_79176483051344,Sales Workers Not Elsewhere Classif,iGain,55,154,7666,6718
cust_16870886,acc_86681396519305,Rental of personal and household goods,TDT,38,216,45780,41162
cust_81611197,acc_55431233461314,SHIP ENGINEER,GIA AWFAR,55,94,17702,15969
cust_27052422,acc_91859701948421,Household,iGain,10,60,4773,3915
cust_51664651,acc_62841154648328,"OTHER COMMUNITY, SOCIAL & PERSONAL",iGain,49,223,2677,2462
cust_21692935,acc_86524686895034,ENGINEER,STDT,56,163,53266,49004
cust_71783038,acc_40653171603237,"Skilled Agricultural, Forestry, Livestock and Fishery Workers",WAFIYAH,40,185,2640,2311
cust_52813443,acc_54893526267833,CLERICAL,GIA AWFAR,84,110,76204,64355
cust_30421841,acc_57826993690411,Managing Directors and Chief Executives,TDT,32,110,36953,31499
cust_60804990,acc_19448174430646,Human Health and Social Work Activities,TDT,22,96,45981,39274
cust_70283259,acc_45869725603138,FINANCIAL INTERMEDIATION,TDT,57,181,74657,63189
cust_94627548,acc_92560390529650,ENGINEER,WAFIYAH,89,54,23861,18398
cust_49343672,acc_66774901632826,NURSE,IHSAN,43,235,8535,7535
cust_24461934,acc_25975592419327,Professional Gov Social Benefit Off,GIA AWFAR,14,46,3690,2842
cust_84941037,acc_40497007204864,"OTHER COMMUNITY, SOCIAL & PERSONAL",Al-AWFAR,97,113,57983,51415
cust_66678787,acc_27244270869642,Other non-scheduled passenger land,TDT,49,79,21499,17644
cust_73023859,acc_12234081861871,FIRE FIGHTER,STDT,25,156,147922,134680
cust_18750397,acc_93471441265362,Managing Directors and Chief Executives,STDT,65,165,27603,25286
cust_38112997,acc_50338659543118,"Sales, Marketing & Public Relations",GIA,38,221,27085,23719
cust_79105952,acc_37678156517870,CLERICAL,iGain,94,191,29531,26060
cust_84903382,acc_63862947240196,Household,GIA AWFAR,36,63,18355,13847
cust_49169500,acc_10658301066371,(blank),IHSAN,59,53,1091,808
cust_82428792,acc_35021989594073,EDUCATION,TDT,58,214,73776,64648
cust_85752268,acc_73273011912900,Secondary Education Teachers,GIA,31,120,21926,19351
cust_44873054,acc_67039279576233,Rental of personal and household goods,IHSAN,54,28,978,605
cust_90827886,acc_98362535278828,"Librarians, Archivists and Curators",IHSAN,19,199,1699,1499
cust_35949529,acc_65832193869223,Craft and Related Trades Workers,Al-AWFAR,67,158,8664,7419
cust_31560200,acc_52975528626495,STEWARD/STEWARDESS,IHSAN,78,11,4982,2490
cust_71424595,acc_78528930686560,(blank),iGain,95,189,60223,54796
cust_67308564,acc_91299508476764,Economists,STDT,39,148,193172,174445
cust_22577723,acc_74862635204651,Human Health and Social Work Activities,GIA AWFAR,35,150,70451,62831
cust_84946307,acc_96689010119444,DOCTOR,IHSAN,59,209,6614,5635
cust_27991738,acc_80380465366435,ARCHITECT,Al-AWFAR,72,121,6556,5653
cust_82440920,acc_88012129443573,SELF-EMPLOYED,GIA,99,113,92279,79724
cust_10662604,acc_20269366406527,RECEPTIONIST,TDT,12,150,899,790
cust_81715832,acc_75917215269440,(blank),GIA AWFAR,31,51,13753,10574
cust_80823193,acc_49607982957463,CHILDREN BELOW AGE,Al-AWFAR,33,40,72485,55212
cust_80232788,acc_59779342217014,Transport via railways (MRS),IHSAN,32,204,12119,11149
cust_69836577,acc_68869216853412,"EDUCATION, HEALTH AND OTHERS",GIA,51,55,14044,10547
cust_52441042,acc_97283360503501,Primary School & Early Childhood Teachers,GIA,88,124,49693,44862
cust_73464884,acc_98612027328846,Oth biz serv n.e.c,IHSAN,12,68,2802,2342
cust_34940946,acc_35940542093911,Extra-Territorial Organisations and,WAFIYAH,83,59,6588,5066
cust_80265612,acc_76037814769412,Optometrists and Ophthalmic Opticians,TDT,65,146,5761,5276
cust_60008226,acc_77498518414174,FINANCIAL INTERMEDIATION,TDT,65,194,3303,2948
cust_51302419,acc_41184357518174,Language Teachers,GIA AWFAR,71,109,51843,43085
cust_55504562,acc_21148279737779,Sales Workers Not Elsewhere Classif,iGain,20,37,10389,7447
cust_61186707,acc_13685226425714,EDITOR/WRITER,STDT,77,62,56529,45689
cust_13353608,acc_79960881477626,"Retail trade,except of motor",IHSAN,32,43,1107,804
cust_22581729,acc_54072976763521,Other non-scheduled passenger land,IHSAN,56,213,15948,14311
cust_32093304,acc_98698615254543,Building Architects,STDT,70,80,78428,64218
cust_20307706,acc_51847611057428,COMPUTER PROGRAMMER,Al-AWFAR,64,93,55241,48433
cust_49565221,acc_98012528116645,"Skilled Agricultural, Forestry, Livestock and Fishery Workers",IHSAN,39,21,748,442
cust_70156266,acc_47041840197465,"FINANCE, INSURANCE, REAL ESTATE AND",TDT,45,110,19903,17496
cust_68898597,acc_81431393550397,Manufacture of Other Non-metallic,WAFIYAH,52,220,45914,41758
cust_52398658,acc_17633734508064,University and Higher Education Teacher,STDT,13,101,4344,3614
cust_86957200,acc_59991553912398,Landscape Architects,TDT,75,158,4108,3558
cust_60871249,acc_82185380828715,Secondary Education Teachers,TDT,18,47,5317,3726
cust_17127766,acc_93223150049789,Hospitality & Rel Services Professi,TDT,51,38,5474,3971
cust_78849897,acc_84032478155568,LAWYER/SOLICITOR,GIA AWFAR,68,177,38179,32818
cust_61714056,acc_13327365448105,FINANCIAL INTERMEDIATION,TDT,17,20,791,465
cust_67124648,acc_43543210717606,CHILDREN BELOW AGE,STDT,99,110,30287,26810
cust_60883599,acc_14382862508246,CHILDREN BELOW AGE,WAFIYAH,43,79,21879,18745
cust_59822146,acc_19835406200310,Other service activities,iGain,11,8,2432,1029
cust_18150978,acc_70777506580073,Cooks,GIA,69,130,15913,14054
cust_60328644,acc_74193237668052,Dentists,Al-AWFAR,60,232,25474,23436
cust_81542135,acc_79634861447646,ARCHITECT,GIA,67,21,9093,5847
cust_37355508,acc_87891089325009,Police Officers,GIA AWFAR,77,197,19384,17833
cust_64255441,acc_76548832162885,"EDUCATION, HEALTH AND OTHERS",Al-AWFAR,52,132,4193,3757
cust_12773605,acc_82078443289596,"Retail trade,except of motor",iGain,84,175,2006,1736
cust_41274928,acc_14406733884095,ACADEMICIANS,iGain,43,27,11484,7599
cust_49304565,acc_31108163539716,General Office Clerks,Al-AWFAR,59,210,2309,2063
cust_98446455,acc_65970799603772,Professional Gov Social Benefit Off,GIA AWFAR,24,7,22652,10510
cust_29312620,acc_87231277416234,Physical & Engineering Scien Technicians,STDT,65,219,197325,173598
cust_34889349,acc_10405011244569,Religious Teachers,TDT,33,160,59206,52595
cust_46767577,acc_56316640790471,COMPUTER PROGRAMMER,TDT,72,84,4422,3765
cust_99339905,acc_70955865942795,CLERK,GIA,82,6,14351,6340
cust_86806276,acc_12664656021575,Ships Deck Officers and Pilots,GIA,87,149,24207,21932
cust_13122366,acc_46122000179804,ARCHITECT,WAFIYAH,93,25,45067,27399
cust_31054553,acc_90607139324532,Optometrists and Ophthalmic Opticians,GIA AWFAR,21,148,110731,94197
cust_83950700,acc_70445152797027,MANUFACTURE OF TEXTILES,GIA,22,187,7681,7066
cust_15247246,acc_31389252702453,Telecommunication,IHSAN,93,68,791,685
cust_87010376,acc_86750301666872,Service and Sales Workers,Al-AWFAR,44,61,9305,7559
cust_35324550,acc_41322828106856,AUDITOR,Al-AWFAR,12,57,5880,4394
cust_92588691,acc_86801020402965,"PUBLIC ADMINISTRATION & DEFENSE,",STDT,35,58,147361,113024
cust_36423438,acc_36904928600701,"Sales, Marketing & Public Relations",GIA,85,31,7204,4918
cust_49088512,acc_63128822579483,EDUCATION,WAFIYAH,41,63,16640,14055
cust_69572486,acc_45724606097305,"MANUFACTURE OF WEARING APPAREL, DRE",WAFIYAH,16,160,2684,2300
cust_21365266,acc_34734254567956,FIRE FIGHTER,Al-AWFAR,74,76,25136,20854
cust_60132893,acc_89790180595468,Personal Services Workers Not Elwhe,GIA,27,189,112890,101938
cust_55451394,acc_26883431374554,TANNING&DRESSING OF LEATHER;MFR OF,STDT,41,198,48717,44819
cust_80550838,acc_17633043211218,BANKER,WAFIYAH,10,184,2717,2408
cust_99649621,acc_40773424469109,Transport via railways (MRS),GIA AWFAR,64,132,56707,47578
cust_69788218,acc_74587523287741,WAITER/WAITRESS,GIA AWFAR,50,79,34002,29151
cust_46826779,acc_82668844537865,Pharmacists,STDT,88,224,122548,112744
cust_46574817,acc_99886903306008,ENGINEER,GIA AWFAR,40,53,27721,21382
cust_47616287,acc_36672585131004,Optometrists and Ophthalmic Opticians,Al-AWFAR,28,114,50430,44831
cust_83261834,acc_46714775601815,Police Officers,GIA AWFAR,24,112,22704,19554
cust_38909415,acc_22313915022666,Language Teachers,GIA AWFAR,28,180,16030,13960
cust_25027562,acc_61738473666073,Managers,WAFIYAH,50,134,6196,5684
cust_40086229,acc_99782203353662,NON-EXECUTIVE,Al-AWFAR,17,193,970,881
cust_12044086,acc_73079290910859,Managing Directors and Chief Executives,Al-AWFAR,46,221,5645,5156
cust_19552832,acc_63569155637203,Physical & Engineering Scien Technicians,WAFIYAH,86,97,22836,20732
cust_18104307,acc_45313218362961,Religious Teachers,GIA AWFAR,79,211,15315,13274
cust_79439717,acc_92376888425699,FIRE FIGHTER,IHSAN,67,45,754,547
cust_75012341,acc_54722493651731,SELF-EMPLOYED,iGain,90,221,3259,2944
cust_72709371,acc_22093022198175,Transport via railways (MRS),IHSAN,80,47,665,488
cust_51568950,acc_42884061687922,Scheduled air transport,STDT,68,205,144545,132981
cust_74535266,acc_16045000196299,ARCHITECT,GIA AWFAR,87,97,169170,145014
cust_24514460,acc_28178113391990,"MANUFACTURE OF WEARING APPAREL, DRE",GIA,21,232,5858,5092
cust_91055951,acc_11590190289992,TEACHER/LECTURER,IHSAN,83,35,8257,5729
cust_55094029,acc_50795192485014,"Retail trade,except of motor",TDT,36,114,30341,26758
cust_94424625,acc_67108623845661,PENSIONER,Al-AWFAR,75,217,79093,72765
cust_23708089,acc_40896321614101,System Analysts,GIA AWFAR,92,16,28353,15853
cust_54759706,acc_47834359435474,Other Agriculture,WAFIYAH,54,67,5734,4749
cust_72668833,acc_96328834556011,Administrative Associate Profession,IHSAN,17,24,1714,1075
cust_54606328,acc_77676680941742,Aircraft Pilots & Related Professionals,STDT,43,80,137939,115144
cust_50154064,acc_58677097325045,Managing Directors and Chief Executives,Al-AWFAR,46,97,29398,24733
cust_24959268,acc_35608678760064,Physical & Engineering Scien Technicians,STDT,94,151,50891,45820
cust_44291910,acc_90729711889569,DENTIST,IHSAN,94,65,1233,985
cust_31488963,acc_31158740519259,Actors,TDT,61,42,29228,22760
cust_37136088,acc_39280845746500,Personal Services Workers Not Elwhe,GIA,95,45,91457,71582
cust_71533059,acc_91815833298065,SEAMSTRESS,WAFIYAH,49,226,8746,8028
cust_66725433,acc_57658784975656,Other non-scheduled passenger land,WAFIYAH,47,229,23561,21450
cust_64647678,acc_76808615447617,ARCHITECT,GIA AWFAR,85,57,33166,26017
cust_42563134,acc_63167031474738,"FORESTRY, LOGGING AND RELATED SERVI",GIA,70,51,25456,18551
cust_96372332,acc_68809528810854,Craft and Related Trades Workers,GIA AWFAR,57,17,48187,26528
cust_17888492,acc_36944496236334,Other Agriculture,iGain,51,231,34980,31556
cust_40833169,acc_31723485546399,Optometrists and Ophthalmic Opticians,TDT,73,171,73630,66423
cust_20620531,acc_39024311245179,SHIP ENGINEER,TDT,77,184,10304,9384
cust_40504942,acc_23989740767508,ACCOUNTANT,GIA,54,73,16019,13700
cust_96570789,acc_88688292876172,Human Health and Social Work Activities,STDT,12,156,7851,6846
cust_42963718,acc_35492223992510,Real estate activities,GIA,19,19,7884,4376
cust_91772262,acc_60534045497294,Household,WAFIYAH,22,164,5981,5502
cust_54555909,acc_81277698262723,ENGINEER,Al-AWFAR,51,141,2751,2509
cust_72973642,acc_80544169843814,Real estate activities,WAFIYAH,65,83,9696,8081
cust_51167573,acc_49454763272577,COMPANY DIRECTOR,WAFIYAH,82,172,3708,3308
cust_33928296,acc_52863157772805,Personal Services Workers Not Elwhe,TDT,30,157,7179,6388
cust_78780650,acc_99523157404152,PENSIONER,Al-AWFAR,80,108,37361,32637
cust_97225873,acc_70713772928112,Pharmacists,GIA AWFAR,69,49,20891,16152
cust_33717237,acc_83317459880609,ACADEMICIANS,STDT,14,10,5004,2669
cust_80087581,acc_91229857229730,Rental of personal and household goods,GIA,41,226,107184,96965
cust_33502600,acc_80883085260640,"Librarians, Archivists and Curators",IHSAN,37,71,4050,3415
cust_74520117,acc_26666141045821,TECHNICIAN,STDT,89,76,24780,19412
cust_81010590,acc_60595366036381,PHARMACIST,iGain,92,165,7135,6277
cust_50442535,acc_19170474158309,PHARMACIST,STDT,83,65,69219,58590
cust_76322763,acc_68762991390759,BANKER,iGain,57,93,12963,11284
cust_34501740,acc_95981448536902,PHARMACIST,GIA,54,172,8289,7007
cust_17132816,acc_56145885787010,Hospitality & Rel Services Professi,Al-AWFAR,38,145,10396,9464
cust_18675186,acc_48967524358099,DOCTOR VETERINAR,STDT,79,159,61237,56338
cust_50232134,acc_13225847627634,Aircraft Pilots & Related Professionals,GIA AWFAR,17,6,1490,572
cust_91234215,acc_96379707009629,"Retail trade,except of motor",IHSAN,34,111,4790,4406
cust_21481916,acc_19270241571714,"Music, Arts and Performing Arts Teachers",IHSAN,22,117,647,536
cust_51019866,acc_13697118397436,NON-EXECUTIVE,TDT,54,154,6924,6370
cust_73362885,acc_32145995035444,Other Agriculture,STDT,36,40,120463,86574
cust_28212702,acc_15897739052654,PENSIONER,GIA AWFAR,27,42,21744,14758
cust_74945475,acc_50960605817058,Dentists,GIA AWFAR,43,184,61286,55774
cust_37536096,acc_56447902113140,Dentists,IHSAN,87,163,2270,2088
cust_82779467,acc_38131295412572,"Skilled Agricultural, Forestry, Livestock and Fishery Workers",TDT,60,196,6428,5840
cust_62129761,acc_14586443431739,Optometrists and Ophthalmic Opticians,IHSAN,84,68,14680,12248
cust_59221654,acc_20044033142430,EDITOR/WRITER,iGain,92,240,7096,6293
cust_25909550,acc_44605394019093,Professionals,GIA,91,69,11184,8601
cust_51688531,acc_15447560574388,MEDICAL DOCTOR,GIA AWFAR,41,158,152416,139297
cust_87095285,acc_72837075304892,MEDICAL DOCTOR,GIA AWFAR,88,43,93433,73197
cust_11757159,acc_28631848737233,AUDITOR,iGain,91,221,24738,22758
cust_78266757,acc_37186441190527,Elementary Occupations,IHSAN,96,83,600,477
cust_54348615,acc_45471319946028,CONSULTANT,GIA AWFAR,41,194,14815,12622
cust_74751666,acc_47494866976223,DENTIST,GIA AWFAR,30,83,67687,55488
cust_69696821,acc_10149463690732,ARCHITECT,GIA AWFAR,62,191,18727,15908
cust_48888373,acc_20086333389882,EXECUTIVE,GIA,93,112,10771,9444
cust_37780048,acc_87648810736679,"FORESTRY, LOGGING AND RELATED SERVI",TDT,91,19,35423,20805
cust_66457795,acc_10110975626071,NURSE,Al-AWFAR,61,49,5743,4112
cust_22620184,acc_55735062023158,Financial and Investment Advisers,Al-AWFAR,23,166,2604,2390
cust_62568817,acc_54055180585648,FIRE FIGHTER,Al-AWFAR,48,50,2287,1785
cust_18522522,acc_39978474490957,"PUBLIC ADMINISTRATION & DEFENSE,",TDT,74,69,10259,8234
cust_68486194,acc_48819431813180,(blank),GIA AWFAR,60,132,63520,55946
cust_66587075,acc_80252302377392,Human Health and Social Work Activities,GIA AWFAR,41,64,135036,102228
cust_17599988,acc_85708333559346,Administrative Associate Profession,GIA AWFAR,40,35,13936,9504
cust_78173910,acc_33431368907372,Managing Directors and Chief Executives,GIA AWFAR,15,152,3914,3491
cust_47422666,acc_39024139687095,Religious Teachers,IHSAN,35,167,3532,3177
cust_80819781,acc_31823456772549,COMPANY DIRECTOR,STDT,70,177,38521,34951
cust_13745275,acc_53187706049595,Other service activities,IHSAN,31,227,2967,2689
cust_26151084,acc_71493252189293,Rental of personal and household goods,GIA,99,34,115882,78588
cust_54459173,acc_30542758791707,LAWYER/SOLICITOR,GIA,17,105,1622,1425
cust_26940265,acc_39766216784937,Aircraft Pilots & Related Professionals,GIA AWFAR,62,60,34681,28652
cust_39687509,acc_93734615583023,STEWARD/STEWARDESS,iGain,54,217,76943,68926
cust_69453913,acc_14371236086226,Religious Professionals,STDT,84,132,17760,15903
cust_23007176,acc_51469264471560,"EDUCATION, HEALTH AND OTHERS",TDT,89,28,62279,39966
cust_70993264,acc_74040223743710,Aircraft Pilots & Related Professionals,GIA AWFAR,58,168,44945,39345
cust_19306267,acc_23540861040172,"Plant and Machine Operators, and Assemblers",TDT,66,15,12827,7094
cust_25766666,acc_14263661800493,EDUCATION,IHSAN,72,69,14999,12035
cust_62888011,acc_22438483447467,Actors,STDT,56,175,55822,50648
cust_81413491,acc_92694087417761,Engineering Prof(incl Electrotechno,iGain,26,124,10080,8903
cust_25353367,acc_10833380363901,Other service activities,STDT,48,184,30383,26966
cust_36999351,acc_26948977733021,Professional Police Inspector & Det,TDT,31,139,22727,19967
cust_93260810,acc_12815516161148,"MANUFACTURE OF WEARING APPAREL, DRE",GIA AWFAR,51,203,55098,48640
cust_99071532,acc_19956652080598,"OTHER COMMUNITY, SOCIAL & PERSONAL",IHSAN,65,137,1103,924
cust_62295502,acc_65813435796546,SEAMSTRESS,iGain,28,18,27390,15828
cust_50233433,acc_31747501786517,CLERK,IHSAN,32,21,5383,3229
cust_41218282,acc_61229084538760,TECHNICIAN,iGain,84,188,8662,7969
cust_65120672,acc_63117584448951,Optometrists and Ophthalmic Opticians,WAFIYAH,43,14,2032,1038
cust_63182394,acc_86449179978080,CONSULTANT,iGain,27,93,10388,9437
cust_36527773,acc_10426725362068,EXECUTIVE,Al-AWFAR,74,8,2045,916
cust_12052348,acc_86803251340813,Manufacture of Other Non-metallic,TDT,74,76,2637,2128
cust_23634847,acc_65720717778427,MFR OF WOOD&PRODS OF WOOD&CORK EXCE,GIA,84,145,21630,18610
cust_96270329,acc_24646913749446,GENERAL WORKER,Al-AWFAR,78,45,2705,1873
cust_47633942,acc_79564364932175,Other service activities,IHSAN,99,114,1383,1272
cust_53407309,acc_86994238761152,FINANCIAL INTERMEDIATION,iGain,61,240,22450,20654
cust_52039679,acc_32883713537874,EDUCATION,WAFIYAH,35,21,6245,3816
cust_80446170,acc_92691431281241,Religious Teachers,iGain,87,20,79309,44218
cust_15846090,acc_50901168726879,Managing Directors and Chief Executives,iGain,33,69,58751,51060
cust_17445699,acc_64308200889998,CLERICAL,GIA AWFAR,36,200,57745,51238
cust_34826252,acc_98618458025587,"MANUFACTURE OF WEARING APPAREL, DRE",IHSAN,84,100,17705,15186
cust_53799249,acc_42538247077527,"FINANCE, INSURANCE, REAL ESTATE AND",TDT,89,155,49166,45232
cust_70401163,acc_83184341123810,"OTHER COMMUNITY, SOCIAL & PERSONAL",Al-AWFAR,40,12,6486,3409
cust_54163629,acc_38655920604561,Managers,IHSAN,75,178,7944,7308
cust_49705126,acc_81929217001734,Administrative Associate Profession,TDT,93,20,3313,1960
cust_94404380,acc_64066052697637,COMPUTER PROGRAMMER,TDT,81,172,24990,22077
cust_24491704,acc_29472012570286,MEDICAL DOCTOR,Al-AWFAR,10,39,3598,2502
cust_61455524,acc_47262348441031,Other non-scheduled passenger land,iGain,69,207,2128,1805
cust_58802020,acc_38587207092720,DOCTOR,IHSAN,25,74,1376,1130
cust_52614046,acc_17029755377232,Motor Vehicle Mechanics and Repaire,IHSAN,86,48,16966,13392
cust_82683769,acc_12685129308972,"EDUCATION, HEALTH AND OTHERS",GIA AWFAR,16,84,1250,1080
cust_34027809,acc_41183078986646,Personal Services Workers Not Elwhe,WAFIYAH,99,5,3906,1648
cust_95839557,acc_11713073303573,Renting of machinery&equipment w/o,GIA,25,43,9462,6657
cust_39841209,acc_24893898182359,Household,IHSAN,47,146,2930,2629
cust_59050403,acc_75266498876578,Service and Sales Workers,WAFIYAH,31,75,44774,38590
cust_56860516,acc_73728211211522,OTHERS,iGain,83,88,32767,28349
cust_86480010,acc_76472234781164,Household,WAFIYAH,45,195,10022,9045
cust_49502031,acc_38543785401698,EDUCATION,iGain,77,34,4320,2860
cust_35610306,acc_90101751140592,Primary School & Early Childhood Teachers,iGain,16,98,2370,2108
cust_11945087,acc_63444749322560,PILOT,STDT,50,48,49719,35052
cust_42731042,acc_21342370757196,HOTELS AND RESTAURANTS,STDT,91,118,123784,110259
cust_84366273,acc_22934679530998,"MANUFACTURE OF WEARING APPAREL, DRE",iGain,93,83,29517,26422
cust_10892457,acc_72378588423673,RECEPTIONIST,GIA AWFAR,28,15,34010,16738
cust_90654469,acc_25564954279787,Physical & Engineering Scien Technicians,IHSAN,45,21,4487,2628
cust_58854438,acc_55656343142383,"MANUFACTURE OF WEARING APPAREL, DRE",iGain,46,206,10000,8979
cust_22622417,acc_99259702833583,"Music, Arts and Performing Arts Teachers",GIA AWFAR,60,18,56666,31309
cust_37196139,acc_10360684426000,Transport via railways (MRS),TDT,58,189,13495,12415
cust_59863252,acc_11492182170780,"MANUFACTURE OF WEARING APPAREL, DRE",Al-AWFAR,19,221,24662,22516
cust_38412295,acc_99377612373745,OTHERS,iGain,78,114,13016,11472
cust_19771816,acc_62617495072074,Professionals,IHSAN,30,78,16066,13831
cust_69938999,acc_21421897796666,EXECUTIVE,WAFIYAH,38,188,9701,8706
cust_70501608,acc_90757197977868,Engineering Prof(incl Electrotechno,Al-AWFAR,85,236,2120,1950
cust_20698682,acc_89234227011492,SECRETARY,Al-AWFAR,72,33,4783,3274
cust_35311040,acc_58258037180023,"EDUCATION, HEALTH AND OTHERS",GIA AWFAR,45,232,44804,40546
cust_31948592,acc_65961282687468,Rental of personal and household goods,TDT,92,227,14693,12474
cust_69348037,acc_34586847235078,SECRETARY,Al-AWFAR,45,38,15348,10625
cust_75726602,acc_14546772673480,"PUBLIC ADMINISTRATION & DEFENSE,",iGain,60,17,27914,16509
cust_75429515,acc_63511084800177,MEDICAL DOCTOR,Al-AWFAR,32,173,5509,4712
cust_94488511,acc_36527967388248,NURSE,IHSAN,26,23,5813,3253
cust_79178274,acc_69725894199431,SEAMSTRESS,TDT,54,146,26852,23936
cust_38861149,acc_85262065915834,Language Teachers,GIA,60,20,20254,12670
cust_19696685,acc_11634448952292,Ships Deck Officers and Pilots,GIA AWFAR,82,167,33361,29889
cust_65317854,acc_63614239721715,TECHNICIAN,iGain,45,59,3870,3030
cust_92441066,acc_30815248571816,Ships Deck Officers and Pilots,TDT,90,27,9211,5436
cust_97763978,acc_88649964811342,CLERK,TDT,64,20,36441,21791
cust_30719259,acc_32829805590564,Physical & Engineering Scien Technicians,Al-AWFAR,16,49,4605,3586
cust_31280989,acc_64969311991187,Elementary Occupations,iGain,76,132,17869,14937
cust_13367130,acc_59818675608065,GOVERNMENT SERVANT,GIA AWFAR,61,23,24519,15782
cust_22713593,acc_45654985005332,STEWARD/STEWARDESS,WAFIYAH,45,194,24783,22800
cust_59936722,acc_70985868723981,Oth biz serv n.e.c,STDT,52,147,102027,93864
cust_59212295,acc_75319267124389,DOCTOR,IHSAN,37,75,1704,1446
cust_43383005,acc_61024401578744,Accountants,Al-AWFAR,65,237,42193,38769
cust_37895989,acc_78258001346627,GENERAL WORKER,Al-AWFAR,61,160,2625,2386
cust_84681076,acc_98507536839364,Extra-Territorial Organisations and,GIA AWFAR,50,163,10327,9500
cust_51403053,acc_47734514911072,DOCTOR,GIA AWFAR,35,46,14454,10070
cust_82742632,acc_56312474669697,Manufacture of Other Non-metallic,STDT,45,172,22469,19106
cust_96689068,acc_11122289014709,BANKER,IHSAN,54,136,12798,11074
cust_38542500,acc_81642570067934,EDUCATION,GIA,52,237,21220,18999
cust_28246448,acc_56820706034139,SERVICE MANAGER,iGain,37,117,5515,4910
cust_95760945,acc_46716528732450,SECRETARY,GIA AWFAR,62,165,36162,32694
cust_67134797,acc_18466476678045,"PUBLIC ADMINISTRATION & DEFENSE,",STDT,30,85,41712,36774
cust_36182605,acc_90069077950785,WAITER/WAITRESS,STDT,55,14,32751,18394
cust_65967399,acc_45550651603650,General Office Clerks,STDT,20,35,21440,14274
cust_56355141,acc_71432343838829,"Recreational, cultural and sporting",Al-AWFAR,52,209,22485,20360
cust_91497897,acc_23443674073133,Actors,Al-AWFAR,80,179,3310,2882
cust_33036858,acc_96539466658692,Sales Workers Not Elsewhere Classif,iGain,83,91,34941,29715
cust_99224452,acc_26059758563964,SELF-EMPLOYED,TDT,72,169,4209,3807
cust_94243921,acc_27958779360954,Telecommunication,GIA AWFAR,77,6,89442,34384
cust_26263179,acc_87308457450194,Administrative Associate Profession,WAFIYAH,15,13,5104,2892
cust_24814703,acc_92132446972773,Religious Professionals,TDT,40,124,3175,2855
cust_57984114,acc_29093266677097,ACADEMICIANS,IHSAN,68,152,688,601
cust_14041955,acc_52282079935734,Aircraft Pilots & Related Professionals,iGain,82,226,66422,61108
cust_36891816,acc_76014541410654,GOVERNMENT SERVANT,Al-AWFAR,62,184,11039,9783
cust_49158735,acc_89052916042972,SHIP ENGINEER,TDT,86,65,20453,16639
cust_97243597,acc_44114742553357,Engineering Prof(incl Electrotechno,STDT,34,197,15931,14068
cust_99313800,acc_56531753816448,FIRE FIGHTER,iGain,23,120,5592,5144
cust_23638594,acc_76754476946776,Extra-Territorial Organisations and,GIA,17,199,3605,3225
cust_90250953,acc_75802237898751,SECTOR N.E.C,GIA,62,46,101866,76524
cust_18183594,acc_80466411702347,ACCOUNTANT,TDT,69,11,5444,2890
cust_77374721,acc_61294043677737,Service and Sales Workers,STDT,35,18,111721,65240
cust_86107843,acc_19415358712429,ACADEMICIANS,STDT,80,238,83376,74840
cust_90171324,acc_91357596179023,"OTHER COMMUNITY, SOCIAL & PERSONAL",GIA,76,24,7400,4816
cust_30107615,acc_87901528538892,Accountants,GIA,42,226,13562,12477
cust_90410197,acc_81828769223649,Building Architects,iGain,31,176,4810,4354
cust_20438281,acc_18987622944465,Other Agriculture,GIA AWFAR,76,39,37649,27007
cust_56697252,acc_28395763037328,Building Architects,STDT,70,208,77769,70257
cust_52259076,acc_76924032859688,Building Architects,GIA AWFAR,25,39,36635,27591
cust_38433614,acc_12082608512375,Hospitality & Rel Services Professi,GIA AWFAR,32,38,20804,14367
cust_11990275,acc_98130217033655,STEWARD/STEWARDESS,GIA,53,140,53319,46941
cust_79481118,acc_43943021232011,NURSE,TDT,56,73,17276,13500
cust_40202528,acc_74738128032174,"Retail trade,except of motor",TDT,24,73,13585,10760
cust_69549513,acc_89881397963923,SECRETARY,IHSAN,95,51,3867,2904
cust_46919793,acc_45516689933507,Real estate activities,GIA AWFAR,44,148,19440,17288
cust_43629195,acc_38721923973969,Other non-scheduled passenger land,STDT,44,11,87405,47618
cust_89766632,acc_64786701600842,Motor Vehicle Mechanics and Repaire,Al-AWFAR,15,62,2359,1929
cust_18502000,acc_62289043637324,TECHNICIAN,WAFIYAH,88,135,7645,6572
cust_76295562,acc_46822597986231,PHARMACIST,GIA AWFAR,31,119,15660,13436
cust_44199230,acc_64159728028093,CONSULTANT,IHSAN,98,170,4522,4160
cust_33621446,acc_94184323260984,Managers,GIA AWFAR,54,56,60826,49737
cust_10477636,acc_52087623096393,System Analysts,STDT,88,157,36217,32371
cust_94313183,acc_27706796267556,TECHNICIAN,GIA,26,184,93128,82270
cust_95295831,acc_43948538459470,Elementary Occupations,iGain,24,96,45241,40514
cust_31687351,acc_45469628433380,Motor Vehicle Mechanics and Repaire,IHSAN,82,65,747,582
cust_12871994,acc_21799782372359,Administrative Associate Profession,IHSAN,83,135,6496,5838
cust_21048213,acc_24658435049909,Financial and Investment Advisers,STDT,58,141,41604,38275
cust_16087857,acc_71610586605430,COMPUTER PROGRAMMER,STDT,12,27,2071,1338
cust_84800140,acc_40552997878801,Cooks,GIA AWFAR,94,138,19623,16970
cust_90272030,acc_95940855267022,Real estate activities,GIA AWFAR,45,41,23173,17060
cust_23795588,acc_31923707082274,PENSIONER,IHSAN,94,139,2556,2234
cust_77206551,acc_18903205459434,"Recreational, cultural and sporting",WAFIYAH,88,224,5390,4619
cust_26134147,acc_77815410670023,SHIP ENGINEER,Al-AWFAR,86,131,25686,23286
cust_43048809,acc_89293244672608,SEAMSTRESS,IHSAN,71,184,2949,2713
cust_63944451,acc_35030202118433,"PUBLIC ADMINISTRATION & DEFENSE,",Al-AWFAR,70,78,4518,3739
cust_74793411,acc_28187929148093,ACADEMICIANS,TDT,57,222,12952,11495
cust_88710583,acc_26718952138397,NURSE,GIA AWFAR,12,196,1799,1562
cust_14030635,acc_56981107122986,HEALTH AND SOCIAL WORK,TDT,44,221,37199,33267
cust_27679119,acc_52157497712209,HEALTH AND SOCIAL WORK,GIA AWFAR,75,180,44566,39192
cust_35245775,acc_33349585586908,"EDUCATION, HEALTH AND OTHERS",GIA,83,158,13339,11509
cust_37929130,acc_14065580529048,Professional Police Inspector & Det,GIA AWFAR,60,128,17141,15769
cust_99822507,acc_53334220629365,FINANCIAL INTERMEDIATION,GIA AWFAR,73,224,138933,126832
cust_79966435,acc_96339911287204,CLERK,IHSAN,11,205,3492,3196
cust_38837550,acc_68726728067739,ACADEMICIANS,STDT,52,103,66030,59099
cust_97464378,acc_54595590096575,Physical & Engineering Scien Technicians,GIA AWFAR,55,25,139371,90380
cust_54937628,acc_19962286662665,GENERAL WORKER,WAFIYAH,90,5,3133,1281
cust_55066706,acc_32719266149462,Renting of machinery&equipment w/o,Al-AWFAR,37,60,24801,19947
cust_49032896,acc_36529655461708,Other service activities,Al-AWFAR,30,19,4449,2524
cust_22950775,acc_78832319734651,Language Teachers,Al-AWFAR,41,54,3120,2466
cust_94093523,acc_88903971753815,Telecommunication,GIA,25,30,24364,16353
cust_11254265,acc_91147766820979,GENERAL WORKER,WAFIYAH,60,236,8351,7413
cust_25685067,acc_98611174742567,SECTOR N.E.C,IHSAN,67,27,16100,9665
cust_30669042,acc_98413001479407,HOTELS AND RESTAURANTS,WAFIYAH,82,152,6609,5923
cust_35136775,acc_95769921949118,SECRETARY,TDT,97,88,40419,34200
cust_21863999,acc_16463992645259,Renting of machinery&equipment w/o,iGain,16,46,3666,2554
cust_11616527,acc_22401418233502,Manufacture of Tobacco Products,Al-AWFAR,32,170,23503,21395
cust_70989280,acc_37401987382842,BANKER,GIA AWFAR,37,234,157569,144963
cust_97237892,acc_59760842865801,Actors,iGain,32,191,9008,8287
cust_20964925,acc_18728009983493,LAWYER/SOLICITOR,GIA AWFAR,84,235,32135,28518
cust_36688168,acc_86121726202192,EDITOR/WRITER,Al-AWFAR,22,144,3621,3163
cust_55569693,acc_65508056116957,SECRETARY,iGain,12,163,5421,4666
cust_93475212,acc_58812796207198,Craft and Related Trades Workers,TDT,87,39,51346,36974
cust_72483619,acc_24878019103056,TECHNICIAN,TDT,96,206,11510,10408
cust_78956931,acc_32792992696017,ARCHITECT,IHSAN,30,181,1762,1536
cust_62300494,acc_24428082248403,MEDICAL DOCTOR,TDT,39,64,4439,3559
cust_47533220,acc_86673984201531,Financial and Investment Advisers,IHSAN,55,88,2993,2401
cust_27979808,acc_62580507405509,Human Health and Social Work Activities,STDT,57,149,96006,88231
cust_87788294,acc_76161648476767,BANKER,TDT,99,8,5759,2513
cust_82371207,acc_36642957661902,Managers,WAFIYAH,46,198,32732,29351
cust_12259119,acc_43412737337944,Professional Police Inspector & Det,TDT,11,71,514,401
cust_74386641,acc_46436946798388,WAITER/WAITRESS,GIA AWFAR,48,22,105839,61811
cust_17594929,acc_78401347456963,TANNING&DRESSING OF LEATHER;MFR OF,GIA AWFAR,60,83,21205,17743
cust_76508560,acc_79511768890711,PILOT,GIA AWFAR,56,202,66221,59443
cust_84335846,acc_28613217476262,Primary School & Early Childhood Teachers,GIA AWFAR,56,69,15849,13209
cust_21795197,acc_94738497106428,Cooks,WAFIYAH,93,132,7654,7041
cust_49045227,acc_20858980369931,NON-EXECUTIVE,Al-AWFAR,82,196,28943,26616
cust_21137842,acc_90650987418126,SEAMSTRESS,WAFIYAH,32,12,20561,10995
cust_61055399,acc_19035608108482,Professional Gov Social Benefit Off,Al-AWFAR,41,184,4000,3680
cust_93480629,acc_33808583003617,"Sales, Marketing & Public Relations",GIA AWFAR,70,73,130838,110518
cust_17278259,acc_86183068246116,COMPANY DIRECTOR,GIA,46,169,5994,5357
cust_45782037,acc_26154286511147,BANKER,STDT,48,49,70093,55322
cust_97580846,acc_47221113817897,CHILDREN BELOW AGE,TDT,25,37,75365,55423
cust_37085382,acc_50487336994971,FINANCIAL INTERMEDIATION,iGain,32,191,14210,13026
cust_21899503,acc_32073307572088,SELF-EMPLOYED,GIA AWFAR,76,195,110079,93998
cust_53972564,acc_73922068120238,Cooks,Al-AWFAR,85,236,17972,15707
cust_55753532,acc_86620118446198,HEALTH AND SOCIAL WORK,WAFIYAH,80,164,35943,31844
cust_69657779,acc_88711762587001,SHIP ENGINEER,STDT,37,114,81959,73780
cust_38236380,acc_40538993116290,Oth biz serv n.e.c,IHSAN,22,50,6403,4880
cust_96006093,acc_57776535485903,FIRE FIGHTER,STDT,24,74,27062,23373
cust_56892046,acc_32356576347908,STUDENT,IHSAN,45,157,7719,7101
cust_35780160,acc_32031685139513,"Music, Arts and Performing Arts Teachers",IHSAN,56,86,1203,1065
cust_96425600,acc_24512865656673,NURSE,WAFIYAH,90,119,74486,68228
cust_93232758,acc_94601710972676,ACCOUNTANT,IHSAN,90,44,1159,819
cust_54924829,acc_89918994574502,PILOT,GIA AWFAR,10,108,2325,2062
cust_12237354,acc_79962284199492,Oth biz serv n.e.c,STDT,73,61,138691,108281
cust_63724249,acc_56589536915895,SELF-EMPLOYED,WAFIYAH,36,31,4902,3029
cust_59967823,acc_54154712396068,"Skilled Agricultural, Forestry, Livestock and Fishery Workers",Al-AWFAR,27,36,7573,5218
cust_23338758,acc_57677109956424,FIRE FIGHTER,IHSAN,59,127,6983,6424
cust_67057760,acc_58291121221938,DOCTOR,iGain,13,91,3592,3124
cust_85671421,acc_49110677622792,OTHERS,TDT,40,28,3596,2507
cust_19530766,acc_21857934960286,Elementary Occupations,TDT,59,126,12030,10691
cust_75099037,acc_21309746758168,Oth biz serv n.e.c,WAFIYAH,34,43,4915,3850
cust_22630563,acc_95702474426111,Physical & Engineering Scien Technicians,Al-AWFAR,63,8,4771,2218
cust_77394364,acc_53382768362771,FIRE FIGHTER,TDT,51,36,2069,1444
cust_47720288,acc_95788497241467,CONSULTANT,Al-AWFAR,81,110,7845,6556
cust_10585992,acc_24721918993909,EDITOR/WRITER,GIA,26,230,14760,13579
cust_96960872,acc_59897489683594,Craft and Related Trades Workers,iGain,15,62,2243,1764
cust_24937334,acc_28694552801638,NON-EXECUTIVE,GIA AWFAR,57,72,64306,51840
cust_63643829,acc_32786614551394,"Mining,Manufacturing & Construction Prof",TDT,33,62,20185,16958
cust_26332140,acc_12704912088506,Religious Professionals,GIA AWFAR,73,88,12362,10965
cust_93972089,acc_20705797966619,Other service activities,iGain,18,174,6442,5926
cust_76449298,acc_92516356686627,PHARMACIST,STDT,61,81,143862,119573
cust_82392482,acc_38937969233409,Motor Vehicle Mechanics and Repaire,Al-AWFAR,99,160,17130,15280
cust_48887190,acc_64731629072313,"OTHER COMMUNITY, SOCIAL & PERSONAL",GIA AWFAR,18,216,34356,30811
cust_52064344,acc_51851271879034,COMPUTER PROGRAMMER,iGain,37,228,11123,10233
cust_67087105,acc_46040612072075,Human Health and Social Work Activities,IHSAN,85,137,1078,991
cust_80628710,acc_57869748221146,Other service activities,Al-AWFAR,58,173,39971,36235
cust_86228159,acc_26851505015380,STUDENT,GIA AWFAR,25,221,154578,142211
cust_11605310,acc_98974350866761,ENGINEER,STDT,29,190,158684,145989
cust_69720523,acc_83647708183347,Real estate activities,GIA AWFAR,78,75,19559,16125
cust_19822959,acc_76745316945836,Sales Workers Not Elsewhere Classif,WAFIYAH,87,36,6294,4547
cust_35913858,acc_52188336731255,Landscape Architects,Al-AWFAR,42,32,3617,2618
cust_84648575,acc_23758940991370,General Office Clerks,GIA,52,213,14215,13077
cust_32546185,acc_92859927244621,Transport via railways (MRS),GIA,80,136,15509,14268
cust_81713537,acc_40724836064355,(blank),WAFIYAH,25,74,20671,17164
cust_51670702,acc_14509602072724,Aircraft Pilots & Related Professionals,GIA AWFAR,28,86,17650,14879
cust_30937666,acc_40816330912956,RECEPTIONIST,GIA AWFAR,79,71,157096,132078
cust_40081977,acc_81501132744629,Religious Professionals,WAFIYAH,26,194,2925,2691
cust_57769263,acc_66043787048938,General Office Clerks,GIA AWFAR,79,149,10208,9230
cust_78863245,acc_77575472627037,LAWYER/SOLICITOR,Al-AWFAR,54,212,46852,42734
cust_64541423,acc_81427184547613,SERVICE MANAGER,GIA,99,76,54770,45729
cust_93990145,acc_29075914997248,Cooks,GIA AWFAR,12,116,7455,6472
cust_88096505,acc_93140498448386,TEACHER/LECTURER,WAFIYAH,95,33,17993,12149
cust_77801817,acc_49419064262833,"EDUCATION, HEALTH AND OTHERS",STDT,30,234,26765,24175
cust_64279644,acc_67511228433774,Accountants,TDT,13,125,2520,2318
cust_36087023,acc_10207789532806,Religious Teachers,iGain,75,135,11374,10007
cust_47131441,acc_99403164857006,Primary School & Early Childhood Teachers,IHSAN,57,102,1841,1600
cust_20700485,acc_35280674736773,EDITOR/WRITER,Al-AWFAR,85,68,19352,15304
cust_43676563,acc_15585679588613,"Retail trade,except of motor",GIA AWFAR,19,228,19223,17685
cust_93382501,acc_51243583738286,DENTIST,STDT,17,120,1183,1088
cust_48329387,acc_21612705146383,SELF-EMPLOYED,GIA AWFAR,61,164,99475,91517
cust_20235594,acc_23709403914181,HEALTH AND SOCIAL WORK,TDT,89,13,3698,1933
cust_68673792,acc_66905453172718,MFR OF WOOD&PRODS OF WOOD&CORK EXCE,GIA AWFAR,46,70,11404,9562
cust_96635338,acc_45363465241320,Hospitality & Rel Services Professi,STDT,81,194,46839,41821
cust_88074156,acc_92966720513949,EDUCATION,IHSAN,91,25,8692,5573
cust_34666880,acc_38724084514726,"FORESTRY, LOGGING AND RELATED SERVI",TDT,88,28,22063,14489
cust_50850719,acc_75356211554551,Personal Services Workers Not Elwhe,TDT,55,196,26640,23959
cust_57791486,acc_51498948713941,MFR OF WOOD&PRODS OF WOOD&CORK EXCE,iGain,72,77,8840,7419
cust_32305560,acc_69395617101635,Managing Directors and Chief Executives,GIA AWFAR,57,69,20215,16832
cust_34182278,acc_63972582104439,Economists,IHSAN,70,138,3558,3128
cust_31299612,acc_52550557548309,System Analysts,WAFIYAH,61,51,4251,3227
cust_99512316,acc_95505498516199,SEAMSTRESS,Al-AWFAR,57,15,29143,17119
cust_77141285,acc_40844227847946,TANNING&DRESSING OF LEATHER;MFR OF,TDT,49,6,4136,2003
cust_85677073,acc_25951195112434,Financial and Investment Advisers,WAFIYAH,68,23,5857,3359
cust_83491188,acc_71028465479184,TANNING&DRESSING OF LEATHER;MFR OF,STDT,77,42,55709,38491
cust_96322911,acc_86140680517711,Engineering Prof(incl Electrotechno,TDT,92,169,12046,10434
cust_19475027,acc_13622836594593,Managers,iGain,65,75,18352,15203
cust_89346919,acc_50466941958041,MEDICAL DOCTOR,Al-AWFAR,19,21,10044,6226
cust_15990297,acc_90323892071859,EDUCATION,IHSAN,62,8,14862,7094
cust_52787891,acc_77465675703058,EXECUTIVE,IHSAN,38,117,11084,9796
cust_63499029,acc_99262694484786,Administrative Associate Profession,Al-AWFAR,12,203,1665,1521
cust_42207497,acc_57827243043751,SERVICE MANAGER,STDT,16,84,1141,942
cust_23155591,acc_69399614692103,DOCTOR VETERINAR,IHSAN,63,20,5206,3004
cust_27307119,acc_37223225302413,CLERK,GIA,95,58,39705,31350
cust_84219777,acc_95278203969939,TEACHER/LECTURER,WAFIYAH,55,122,9949,8296
cust_38685151,acc_42970193970088,ACADEMICIANS,iGain,50,49,6563,4752
cust_37930120,acc_76465964141796,EXECUTIVE,IHSAN,17,235,4442,3844
cust_93102568,acc_46282618370717,CLERK,STDT,70,185,16025,14738
cust_22948473,acc_60563703705669,STUDENT,IHSAN,14,86,513,439
cust_92374022,acc_74780428151939,EDUCATION,WAFIYAH,85,229,46284,42460
cust_92887342,acc_55804073657621,Religious Professionals,iGain,83,81,2373,1879
cust_63870367,acc_91637769421855,TANNING&DRESSING OF LEATHER;MFR OF,iGain,99,38,13863,9206
cust_24897855,acc_47737088913502,CONSULTANT,STDT,35,226,73777,67791
cust_24027477,acc_68236461832899,Hospitality & Rel Services Professi,WAFIYAH,24,231,4155,3528
cust_35624807,acc_40812618997004,EXECUTIVE,TDT,36,78,54458,47581
cust_61967408,acc_46734100140791,PHARMACIST,STDT,81,145,24543,20621
cust_23825205,acc_49604509741019,Professionals,Al-AWFAR,29,45,52251,40114
cust_51009213,acc_21322631648105,Transport via railways (MRS),iGain,89,156,33375,28906
cust_20394105,acc_18255131115310,Other service activities,STDT,23,167,27984,25745
cust_58625571,acc_70074093083208,EDITOR/WRITER,iGain,14,172,3488,3208
cust_11903321,acc_68996596450874,Accountants,STDT,29,139,34028,28529
cust_73813255,acc_69661874278908,"EDUCATION, HEALTH AND OTHERS",iGain,77,171,8682,7953
cust_14985586,acc_11778980080842,Rental of personal and household goods,IHSAN,64,135,1238,1036
cust_27533965,acc_39389215840460,Elementary Occupations,IHSAN,41,198,19918,18136
cust_25717732,acc_27802886253327,WAITER/WAITRESS,IHSAN,69,47,1167,869
cust_84789468,acc_80033628028961,Professional Gov Social Benefit Off,STDT,68,119,128975,113977
cust_14804373,acc_87456736125651,Other service activities,WAFIYAH,59,103,3597,3025
cust_48633369,acc_32201233950353,Sales Workers Not Elsewhere Classif,GIA,56,130,140252,127426
cust_63202943,acc_70106424296318,Landscape Architects,GIA,19,38,10767,7161
cust_56439599,acc_21642652311244,ENGINEER,iGain,33,81,9477,8332
cust_71264307,acc_34763727304154,Engineering Prof(incl Electrotechno,iGain,57,230,15701,13923
cust_82279118,acc_22478904661007,FINANCIAL INTERMEDIATION,WAFIYAH,22,29,3117,1908
cust_45426741,acc_35516868993930,CLERK,Al-AWFAR,52,154,40705,37448
cust_84539608,acc_70726289261435,Managing Directors and Chief Executives,Al-AWFAR,20,161,5510,4913
cust_38619198,acc_91929421916672,ACCOUNTANT,IHSAN,80,116,3795,3491
cust_55407361,acc_28227016713176,COMPUTER PROGRAMMER,GIA,19,12,32424,17591
cust_76241200,acc_58787113145564,SECRETARY,TDT,18,13,18474,9103
cust_88750444,acc_73125199111908,OTHERS,GIA AWFAR,67,70,11808,9667
cust_81338612,acc_95763022163700,ACCOUNTANT,WAFIYAH,29,29,3725,2450
cust_86601846,acc_64905443459845,"PUBLIC ADMINISTRATION & DEFENSE,",WAFIYAH,41,27,3625,2486
cust_58286221,acc_32959623792464,Manufacture of Other Non-metallic,GIA AWFAR,38,42,24716,18335
cust_13912755,acc_66293034122254,TECHNICIAN,GIA,29,50,8185,6287
cust_54377518,acc_38844204551021,Motor Vehicle Mechanics and Repaire,WAFIYAH,78,202,59981,53502
cust_26334856,acc_97851555162253,"Music, Arts and Performing Arts Teachers",IHSAN,72,155,3319,2957
cust_90020492,acc_45970852164727,"Plant and Machine Operators, and Assemblers",Al-AWFAR,31,12,19957,10877
cust_31307038,acc_71688494868491,Vocational Education Teachers,TDT,71,153,7478,6672
cust_30526284,acc_12090482411208,Scheduled air transport,WAFIYAH,74,37,5542,3831
cust_32444881,acc_46005530152127,System Analysts,iGain,58,104,12800,10911
cust_67830963,acc_88759685199026,Cartographers and Surveyors,IHSAN,62,13,1481,740
cust_61410938,acc_64920469998992,STEWARD/STEWARDESS,GIA,94,26,16091,9506
cust_95395678,acc_49954859775637,EDITOR/WRITER,GIA AWFAR,50,36,38820,26209
cust_47463618,acc_94234374949215,University and Higher Education Teacher,GIA AWFAR,44,107,45497,41711
cust_35405034,acc_86858593853250,EDITOR/WRITER,GIA,58,114,142207,123808
cust_14432870,acc_38999410644064,ARCHITECT,TDT,85,88,4559,3981
cust_10636831,acc_59009356183720,MEDICAL DOCTOR,GIA,73,151,26290,22128
cust_43625272,acc_54084183048321,Accountants,WAFIYAH,16,175,3472,3169
cust_93323565,acc_66898225010337,FIRE FIGHTER,STDT,51,176,37138,33090
cust_57137765,acc_40070014026288,NON-EXECUTIVE,STDT,76,141,96167,84108
cust_90419285,acc_31978450068929,Cooks,GIA,30,133,9050,8070
cust_19150471,acc_92140465172998,"Plant and Machine Operators, and Assemblers",GIA AWFAR,98,121,57064,49419
cust_18398890,acc_93148704954865,Cartographers and Surveyors,STDT,82,61,44143,33061
cust_85011269,acc_85899059718578,Other non-scheduled passenger land,GIA AWFAR,86,119,11671,10591
cust_19606782,acc_98038398768810,Service and Sales Workers,WAFIYAH,17,7,2811,1277
cust_14676567,acc_77049237320171,Managers,IHSAN,62,233,2300,2046
cust_46368341,acc_78820050570579,ACADEMICIANS,IHSAN,57,92,9016,7468
cust_93235768,acc_78633108276637,Dentists,WAFIYAH,66,183,9291,7920
cust_72044503,acc_53254686784807,TECHNICIAN,STDT,86,230,170045,154025
cust_18920182,acc_51080697506284,Managers,IHSAN,41,122,1460,1343
cust_85341793,acc_31620364853410,ENGINEER,TDT,58,208,9152,8276
cust_85921745,acc_68033727492336,Police Officers,IHSAN,71,118,8220,6886
cust_82062688,acc_36038812249210,SECTOR N.E.C,TDT,77,36,7107,5006
cust_91238782,acc_33202756873211,Extra-Territorial Organisations and,WAFIYAH,79,11,7670,3782
cust_31589021,acc_62736523668644,Sales Workers Not Elsewhere Classif,TDT,40,37,78486,57226
cust_98161361,acc_46898414940253,Language Teachers,TDT,99,227,15532,14245
cust_38862667,acc_29697094791516,"PUBLIC ADMINISTRATION & DEFENSE,",GIA AWFAR,10,117,3858,3197
cust_82182329,acc_83445041507754,Extra-Territorial Organisations and,iGain,54,80,21476,18399
cust_62142809,acc_87451292736493,RECEPTIONIST,GIA,64,110,83546,70512
cust_80152978,acc_25092956771000,EDUCATION,Al-AWFAR,15,65,6748,5175
cust_66503747,acc_10675632951999,Vocational Education Teachers,GIA,50,210,33962,30319
cust_67823494,acc_40251697167643,"Plant and Machine Operators, and Assemblers",Al-AWFAR,63,240,5929,5405
cust_65465568,acc_81775975211267,Language Teachers,iGain,64,25,2175,1253
cust_80109671,acc_85525647961089,Other Agriculture,Al-AWFAR,20,174,19293,17687
cust_76513866,acc_22449616310444,COMPANY DIRECTOR,IHSAN,34,84,10508,9137
cust_22109698,acc_79690231106474,System Analysts,GIA AWFAR,32,16,38563,21161
cust_84344939,acc_20413375057848,BANKER,iGain,67,222,3672,3204
cust_58246123,acc_45105633114087,CLERK,STDT,39,19,31635,17277
cust_39077508,acc_99874856351072,FIRE FIGHTER,STDT,61,53,56208,45224
cust_56280058,acc_27333174090781,Sales Workers Not Elsewhere Classif,Al-AWFAR,75,11,43799,19686
cust_97028512,acc_23856722431986,SELF-EMPLOYED,GIA AWFAR,81,116,16728,15222
cust_87181492,acc_48052029929211,Other service activities,STDT,26,146,73236,64851
cust_85032865,acc_65770167337287,Rental of personal and household goods,WAFIYAH,91,80,32211,26977
cust_51651942,acc_93961070417192,EXECUTIVE,TDT,24,21,63189,34316
cust_80572405,acc_98273903097973,Optometrists and Ophthalmic Opticians,STDT,11,32,6534,4374
cust_44658054,acc_16267657293225,Physical & Engineering Scien Technicians,TDT,14,225,4199,3851
cust_71754893,acc_22419776561311,Financial and Investment Advisers,iGain,28,195,18394,15772
cust_67560694,acc_81166417650639,Sales Workers Not Elsewhere Classif,IHSAN,88,226,8461,7732
cust_32481883,acc_34356893704377,"Retail trade,except of motor",Al-AWFAR,28,130,2438,2164
cust_33981698,acc_89636415355572,Aircraft Pilots & Related Professionals,Al-AWFAR,72,133,12941,11220
cust_15501983,acc_69710793150617,ARCHITECT,IHSAN,47,190,4974,4576
cust_22579156,acc_20066032214260,Human Health and Social Work Activities,GIA,13,150,6717,5652
cust_49025678,acc_84927635643160,"Music, Arts and Performing Arts Teachers",iGain,49,108,9831,8680
cust_53008954,acc_25872074200726,TANNING&DRESSING OF LEATHER;MFR OF,GIA AWFAR,12,73,2839,2487
cust_24860865,acc_48114585521168,"FINANCE, INSURANCE, REAL ESTATE AND",GIA,52,119,32747,30127
cust_47520043,acc_59696643570339,"Mining,Manufacturing & Construction Prof",GIA AWFAR,60,20,11336,6757
cust_64375976,acc_55068953417225,Professionals,GIA AWFAR,56,50,37307,28122
cust_30931294,acc_71754662405363,Manufacture of Other Non-metallic,GIA,35,179,10347,9075
cust_40441321,acc_68741806138232,Real estate activities,IHSAN,78,209,14710,13080
cust_43076062,acc_99283780497524,FINANCIAL INTERMEDIATION,iGain,63,29,73379,49204
cust_55454849,acc_99947971830176,DOCTOR,iGain,32,27,6041,3721
cust_42975320,acc_56481346237207,CHILDREN BELOW AGE,Al-AWFAR,49,25,3817,2473
cust_76325015,acc_18567917826477,University and Higher Education Teacher,STDT,19,191,26486,24367
cust_39474600,acc_75505896907184,Extra-Territorial Organisations and,TDT,93,78,11654,9732
cust_49050708,acc_97899767039493,"Recreational, cultural and sporting",iGain,77,82,50357,40451
cust_44151767,acc_38649374886611,RECEPTIONIST,IHSAN,35,7,3164,1287
cust_26462421,acc_51508799725381,RECEPTIONIST,TDT,70,234,2453,2256
cust_71716901,acc_48229923233391,CHILDREN BELOW AGE,IHSAN,71,107,579,503
cust_31190154,acc_14627723910123,Real estate activities,IHSAN,64,193,1157,1064
cust_36718882,acc_70503798810110,Religious Professionals,Al-AWFAR,14,172,3367,2960
cust_81347676,acc_41800392556162,"EDUCATION, HEALTH AND OTHERS",WAFIYAH,89,38,19803,14525
cust_95397213,acc_80871748716835,BANKER,IHSAN,96,194,3991,3562
cust_70375884,acc_84890806775378,Optometrists and Ophthalmic Opticians,GIA AWFAR,97,134,26001,22483
cust_92471321,acc_83910770793806,Aircraft Pilots & Related Professionals,GIA AWFAR,98,147,161887,142250
cust_86877156,acc_47499939823589,SERVICE MANAGER,Al-AWFAR,93,52,6787,4984
cust_53281938,acc_38939111401680,CLERK,TDT,76,204,43520,40038
cust_79326115,acc_77393870170034,Other service activities,GIA AWFAR,15,224,6733,6032
cust_39552508,acc_82125049045845,HOTELS AND RESTAURANTS,GIA,51,100,25878,22905
cust_51444734,acc_54213170175222,MANUFACTURE OF TEXTILES,IHSAN,32,26,13544,8353
cust_58189131,acc_90372791758267,LAWYER/SOLICITOR,GIA,29,205,12819,11108
cust_96444371,acc_22951782647070,HOTELS AND RESTAURANTS,GIA,84,214,46943,41851
cust_86370443,acc_89116190169306,SEAMSTRESS,STDT,83,124,18838,17245
cust_54032767,acc_18648570967469,Financial and Investment Advisers,Al-AWFAR,56,141,11491,10036
cust_68732860,acc_23817296984915,CHILDREN BELOW AGE,Al-AWFAR,76,57,4459,3393
cust_28212084,acc_58045601194656,Police Officers,iGain,21,20,2521,1485
cust_82395264,acc_16076663216867,FINANCIAL INTERMEDIATION,STDT,29,227,15145,13842
cust_59773416,acc_14752639126009,MFR OF WOOD&PRODS OF WOOD&CORK EXCE,GIA,87,118,15090,13882
cust_57945004,acc_10046686974913,Real estate activities,Al-AWFAR,50,69,17601,14603
cust_78965517,acc_49268499372483,HOTELS AND RESTAURANTS,GIA AWFAR,59,168,39109,35751
cust_66962586,acc_79716149316300,Cooks,iGain,51,11,6089,3144
cust_16522037,acc_13135451525192,IT SPECIALIST,GIA AWFAR,28,23,194796,112022
cust_35934005,acc_68703184581926,CLERICAL,GIA,84,62,122114,94373
cust_25904706,acc_84081458567456,Pharmacists,WAFIYAH,78,111,3179,2677
cust_76140384,acc_25120076372008,NON-EXECUTIVE,Al-AWFAR,71,91,9249,7548
cust_13163245,acc_23217736133926,"FORESTRY, LOGGING AND RELATED SERVI",IHSAN,41,49,5478,4288
cust_28216413,acc_87472087625848,GENERAL WORKER,WAFIYAH,67,87,29934,25732
cust_63770053,acc_84081214895508,IT SPECIALIST,GIA,95,83,17385,14734
cust_72531831,acc_58504758963776,PENSIONER,iGain,68,128,31380,26179
cust_55297440,acc_83727989136458,Cartographers and Surveyors,iGain,54,137,3162,2909
cust_87464716,acc_18348046968204,Pharmacists,GIA AWFAR,34,213,27021,23553
cust_92704607,acc_45503336614487,(blank),STDT,57,195,95948,88272
cust_21889255,acc_76401780049573,ARCHITECT,STDT,43,73,75849,59475
cust_95725998,acc_33170676339156,DOCTOR,WAFIYAH,65,218,43885,38370
cust_65294176,acc_77709602299019,CONSULTANT,IHSAN,14,127,594,495
cust_67259723,acc_55376074395173,Landscape Architects,GIA AWFAR,27,49,16861,12980
cust_18558617,acc_77523938915340,STUDENT,GIA,80,85,5896,4805
cust_65968469,acc_51821167407159,NON-EXECUTIVE,WAFIYAH,44,180,4063,3510
cust_75314406,acc_43111390619963,Dentists,IHSAN,48,198,507,434
cust_62271201,acc_29727029483076,Actors,STDT,58,93,55373,48827
cust_17604389,acc_28754140729151,"PUBLIC ADMINISTRATION & DEFENSE,",WAFIYAH,49,42,14044,10534
cust_57090470,acc_77634172951425,General Office Clerks,TDT,78,50,22650,18411
cust_94234584,acc_20701931323056,PILOT,GIA AWFAR,32,29,31680,20074
cust_75107486,acc_17738411509985,MFR OF WOOD&PRODS OF WOOD&CORK EXCE,IHSAN,78,169,505,455
cust_22366713,acc_25866222851991,Engineering Prof(incl Electrotechno,WAFIYAH,28,123,24027,20261
cust_96394465,acc_25781186030852,"MANUFACTURE OF WEARING APPAREL, DRE",IHSAN,43,111,611,528
cust_96299222,acc_84079686052620,Extra-Territorial Organisations and,IHSAN,62,163,12210,10726
cust_25245597,acc_45865596112679,Religious Teachers,TDT,89,200,2174,1982
cust_82079575,acc_99134961162443,Vocational Education Teachers,iGain,30,192,14156,13023
cust_46604539,acc_22349013201155,NURSE,WAFIYAH,62,37,54295,39795
cust_63431380,acc_68818584312427,"EDUCATION, HEALTH AND OTHERS",iGain,15,144,6042,5224
cust_50066767,acc_50385655648112,Accountants,IHSAN,16,213,3681,3386
cust_80436169,acc_45362635902736,Other service activities,IHSAN,79,187,6182,5536
cust_99699387,acc_88757577914867,Managers,GIA AWFAR,74,82,14429,12032
cust_81560335,acc_97803608124555,Manufacture of Other Non-metallic,IHSAN,43,97,6032,5076
cust_93823428,acc_88557306289676,"PUBLIC ADMINISTRATION & DEFENSE,",TDT,66,215,51455,45373
cust_95142435,acc_27307061113161,Human Health and Social Work Activities,IHSAN,44,12,18186,10109
cust_18109488,acc_29871812908804,TECHNICIAN,STDT,34,128,47261,42228
cust_32804501,acc_69046649118555,Economists,iGain,48,32,7129,4841
cust_74967091,acc_36017522347437,PILOT,WAFIYAH,38,216,32204,28686
cust_63106830,acc_76125261770252,Building Architects,GIA,83,14,31687,18289
cust_14513155,acc_60977858572868,"PUBLIC ADMINISTRATION & DEFENSE,",Al-AWFAR,47,10,5168,2700
cust_18554427,acc_59581789164136,Manufacture of Other Non-metallic,STDT,38,82,23429,19258
cust_56849265,acc_84569223235490,CHILDREN BELOW AGE,iGain,58,52,3748,2856
cust_65454912,acc_73947949456841,Ships Deck Officers and Pilots,Al-AWFAR,78,121,10882,9516
cust_25094740,acc_12391998849756,"Skilled Agricultural, Forestry, Livestock and Fishery Workers",GIA AWFAR,34,75,16647,13915
cust_25416217,acc_14451322343141,Optometrists and Ophthalmic Opticians,iGain,94,89,2150,1789
cust_21640619,acc_64140260721041,DENTIST,TDT,51,138,2423,2183
cust_60845555,acc_53757286806004,Physical & Engineering Scien Technicians,Al-AWFAR,69,137,61769,56827
cust_10706827,acc_33416618980869,"Recreational, cultural and sporting",IHSAN,96,225,654,562
cust_61518746,acc_47679047858332,SECTOR N.E.C,STDT,48,118,18130,15327
cust_52833579,acc_78211928685957,HEALTH AND SOCIAL WORK,TDT,27,138,10566,9230
cust_51938663,acc_84395033619213,TECHNICIAN,TDT,77,164,4940,4352
cust_71134863,acc_60510076110103,System Analysts,Al-AWFAR,10,46,2453,1954
cust_57036859,acc_44683253277139,Personal Services Workers Not Elwhe,GIA,51,162,110818,101952
cust_78753105,acc_34362708534559,"EDUCATION, HEALTH AND OTHERS",STDT,98,208,42796,39372
cust_92810597,acc_56972662369232,Hospitality & Rel Services Professi,iGain,47,80,10471,8716
cust_81932024,acc_38327465670794,FIRE FIGHTER,TDT,71,47,7981,5924
cust_56593557,acc_60768562334250,Optometrists and Ophthalmic Opticians,IHSAN,57,86,575,463
cust_54293789,acc_70898714425867,Secondary Education Teachers,GIA AWFAR,29,69,24044,20258
cust_31213773,acc_15947128982745,ACADEMICIANS,Al-AWFAR,38,143,3144,2843
cust_63963409,acc_10096071852047,General Office Clerks,IHSAN,57,208,729,670
cust_22522189,acc_29104942495666,Religious Professionals,TDT,19,145,15835,13996
cust_93811261,acc_90506034794690,ENGINEER,IHSAN,47,34,720,490
cust_86053983,acc_68166168690570,"EDUCATION, HEALTH AND OTHERS",WAFIYAH,47,79,2924,2467
cust_20776022,acc_25476431674332,"Recreational, cultural and sporting",TDT,85,167,11773,10831
cust_80736029,acc_90123756564125,STEWARD/STEWARDESS,WAFIYAH,21,82,10225,8175
cust_20539320,acc_52296034625860,"MANUFACTURE OF WEARING APPAREL, DRE",iGain,85,143,3323,3029
cust_17893811,acc_52848258101079,WAITER/WAITRESS,GIA AWFAR,46,168,10134,9061
cust_53937407,acc_94198774945838,Vocational Education Teachers,iGain,68,82,4076,3309
cust_69207695,acc_15353802296500,MEDICAL DOCTOR,Al-AWFAR,60,157,4775,4025
cust_75592975,acc_29366044716584,DOCTOR VETERINAR,IHSAN,36,98,9575,8232
cust_47674747,acc_62719419263925,Religious Professionals,GIA AWFAR,93,36,155244,115050
cust_92946111,acc_27593785862380,MANUFACTURE OF TEXTILES,GIA AWFAR,30,92,33741,30612
cust_79688927,acc_71157430828806,"Retail trade,except of motor",STDT,13,109,1829,1616
cust_28743828,acc_29268306040304,Physical & Engineering Scien Technicians,GIA AWFAR,77,5,84521,39836
cust_70410827,acc_18924127353893,Craft and Related Trades Workers,Al-AWFAR,65,215,20205,18130
cust_75748112,acc_28628664367675,WAITER/WAITRESS,Al-AWFAR,90,129,3945,3603
cust_40027398,acc_48046063084485,Rental of personal and household goods,GIA AWFAR,51,13,13807,6947
cust_76440818,acc_25852446925577,"OTHER COMMUNITY, SOCIAL & PERSONAL",WAFIYAH,11,209,4893,4320
cust_90852989,acc_22122282243101,ACADEMICIANS,GIA AWFAR,11,206,3889,3414
cust_83540285,acc_87425369759704,Sales Workers Not Elsewhere Classif,iGain,48,7,3336,1325
cust_78627893,acc_38835748323757,ACADEMICIANS,GIA AWFAR,32,43,24075,18586
cust_67104769,acc_42468281786642,SEAMSTRESS,iGain,92,90,6183,5166
cust_34348144,acc_14974336855110,Economists,GIA AWFAR,20,124,21876,18778
cust_81570065,acc_42163266115184,Hospitality & Rel Services Professi,IHSAN,89,176,2738,2355
cust_42777281,acc_33832645958942,Motor Vehicle Mechanics and Repaire,GIA,29,105,46094,39830
cust_57897713,acc_64943656060760,Real estate activities,iGain,20,149,13097,12049
cust_38299598,acc_28485126790516,Personal Services Workers Not Elwhe,iGain,34,7,4205,2090
cust_38171536,acc_89952890775655,Professionals,GIA,22,160,7096,5987
cust_24185048,acc_93669995882759,"Sales, Marketing & Public Relations",STDT,46,221,126080,111981
cust_23300503,acc_18984795145911,"EDUCATION, HEALTH AND OTHERS",STDT,39,129,51914,44318
cust_17763293,acc_19666266065971,"Mining,Manufacturing & Construction Prof",GIA,57,112,6176,5590
cust_94251471,acc_20379379429988,University and Higher Education Teacher,Al-AWFAR,58,75,5183,4354
cust_49411363,acc_65761233067928,COMPANY DIRECTOR,WAFIYAH,10,230,3018,2655
cust_76374221,acc_20977206778866,Managing Directors and Chief Executives,TDT,21,12,32017,16267
cust_44498784,acc_86714408613723,Building Architects,iGain,24,72,50601,41049
cust_21512945,acc_77884436344410,Dentists,IHSAN,27,37,4611,3465
cust_75671713,acc_83782797241422,"EDUCATION, HEALTH AND OTHERS",GIA,18,209,21070,19273
cust_25839954,acc_57345447419741,Other service activities,Al-AWFAR,38,118,9651,8679
cust_59769375,acc_99700949036723,Other service activities,GIA,59,222,9672,8210
cust_95415952,acc_13975759264974,System Analysts,STDT,37,161,80948,72182
cust_94252598,acc_46113846776750,FIRE FIGHTER,IHSAN,39,136,4330,3983
cust_42470468,acc_39154300204387,DENTIST,IHSAN,52,127,885,814
cust_80227134,acc_95378094884137,Financial and Investment Advisers,IHSAN,59,52,13120,9449
cust_65140821,acc_61917486264783,Pharmacists,GIA AWFAR,39,137,30157,26488
cust_53143260,acc_82557186890025,Financial and Investment Advisers,iGain,29,166,2402,2062
cust_22593530,acc_25330707429266,Religious Professionals,GIA,46,232,15251,14030
cust_43872352,acc_98077072951039,EDUCATION,TDT,12,134,5971,5338
cust_68672627,acc_54877559218868,Pharmacists,GIA AWFAR,54,226,155951,136602
cust_98796839,acc_54430486864358,Administrative Associate Profession,IHSAN,94,227,3054,2748
cust_74598421,acc_97379625569116,Religious Professionals,GIA AWFAR,45,128,175480,146401
cust_86170317,acc_44265912509543,Ships Deck Officers and Pilots,WAFIYAH,19,108,50494,42418
cust_95607519,acc_45777252209949,ACADEMICIANS,IHSAN,73,38,10499,7451
cust_48142332,acc_62627743252444,Sales Workers Not Elsewhere Classif,IHSAN,21,68,11922,10040
cust_20663071,acc_21524734949300,SELF-EMPLOYED,iGain,27,212,8182,6942
cust_34387046,acc_38897706377066,Physical & Engineering Scien Technicians,STDT,23,37,106433,73627
cust_86548031,acc_27388749020061,General Office Clerks,GIA AWFAR,89,98,56382,50413
cust_89014142,acc_19295513119634,Manufacture of Other Non-metallic,iGain,98,169,28448,24221
cust_67336649,acc_87953014569791,ACADEMICIANS,iGain,61,61,3854,3105
cust_21046644,acc_63039804951472,Police Officers,GIA AWFAR,65,234,89448,80606
cust_20972951,acc_42280551237512,Managing Directors and Chief Executives,STDT,68,158,179194,164858
cust_53035490,acc_46780243963004,Primary School & Early Childhood Teachers,IHSAN,64,11,1528,745
cust_62943219,acc_48836710331861,Actors,GIA AWFAR,58,63,191878,153363
cust_12914076,acc_66983426393023,"Sales, Marketing & Public Relations",STDT,98,179,39971,36773
cust_71748672,acc_93409245234009,Service and Sales Workers,GIA,75,208,9863,8467
cust_59005901,acc_93950165769128,Managing Directors and Chief Executives,TDT,17,223,108,96
cust_11107241,acc_45234278157759,OTHERS,TDT,45,205,36193,32011
cust_18610978,acc_39633621363799,Professional Police Inspector & Det,GIA AWFAR,97,22,52705,31481
cust_50888616,acc_50594185016672,AUDITOR,Al-AWFAR,46,177,6210,5713
cust_75032689,acc_61114080738564,Household,GIA,28,31,39604,27094
cust_84285955,acc_51563612030477,"Plant and Machine Operators, and Assemblers",STDT,88,23,35456,20819
cust_48817143,acc_69287806883503,TEACHER/LECTURER,IHSAN,66,168,2615,2350
cust_36582312,acc_59895912104178,Secondary Education Teachers,Al-AWFAR,60,117,48205,44348
cust_97147931,acc_38864399202466,SELF-EMPLOYED,STDT,47,157,84672,73498
cust_51269327,acc_41115772518636,SEAMSTRESS,STDT,21,205,108081,97543
cust_38385074,acc_44073350880375,Hospitality & Rel Services Professi,STDT,44,21,67997,39933
cust_49808271,acc_18517579142444,DENTIST,GIA,49,129,145675,128606
cust_11088248,acc_24945636917257,Primary School & Early Childhood Teachers,iGain,93,201,4873,4137
cust_37173465,acc_75080242193084,Primary School & Early Childhood Teachers,WAFIYAH,37,108,5263,4815
cust_56399901,acc_45018704036987,Ships Deck Officers and Pilots,iGain,23,128,2814,2423
cust_92659770,acc_29308507530412,General Office Clerks,Al-AWFAR,48,122,15440,14084
cust_76440346,acc_60640516951737,"PUBLIC ADMINISTRATION & DEFENSE,",TDT,99,219,19219,16914
cust_80316463,acc_77998558822608,Elementary Occupations,Al-AWFAR,53,16,29114,15389
cust_59041153,acc_33168012611083,BANKER,iGain,44,212,6894,6342
cust_19952956,acc_84411089373137,Human Health and Social Work Activities,GIA,70,197,5212,4795
cust_45183382,acc_93475437366254,Sales Workers Not Elsewhere Classif,GIA,68,196,42941,38813
cust_99733119,acc_63765507616645,Other Agriculture,STDT,36,102,199325,177496
cust_13975390,acc_70205289309242,Sales Workers Not Elsewhere Classif,STDT,97,126,32169,28139
cust_89128002,acc_14731839129074,Manufacture of Tobacco Products,WAFIYAH,63,92,3942,3378
cust_71604609,acc_95096790191971,CLERK,GIA AWFAR,15,64,828,651
cust_35551759,acc_45323626083844,Cooks,iGain,46,211,9608,8839
cust_80018980,acc_93151036049088,Motor Vehicle Mechanics and Repaire,GIA AWFAR,93,124,21205,18271
cust_85320692,acc_62107977227521,Extra-Territorial Organisations and,STDT,45,175,36847,33899
cust_13889718,acc_10415691895899,AUDITOR,TDT,61,28,21063,13434
cust_19577757,acc_13468779939109,SERVICE MANAGER,STDT,65,191,36663,32919
cust_69917465,acc_71237692510292,Secondary Education Teachers,WAFIYAH,73,160,8622,7900
cust_99919425,acc_60640121244873,"Mining,Manufacturing & Construction Prof",TDT,88,240,2318,2086
cust_12156988,acc_12387919348546,CLERICAL,TDT,23,36,59107,40708
cust_69911626,acc_76911396510014,Renting of machinery&equipment w/o,Al-AWFAR,56,132,8973,7941
cust_22287210,acc_86693080336226,Economists,Al-AWFAR,58,125,6711,6105
cust_68511251,acc_54677573419537,Financial and Investment Advisers,GIA,23,132,6710,5811
cust_66098338,acc_51918169632152,"Mining,Manufacturing & Construction Prof",STDT,70,17,77538,42895
cust_18139665,acc_10492579795116,System Analysts,TDT,20,116,48412,42524
cust_71265528,acc_80798474124423,Clerical Support Workers,Al-AWFAR,51,75,2327,1995
cust_90733005,acc_39764446007149,AUDITOR,GIA AWFAR,39,150,15453,13729
cust_87709929,acc_89088725780428,Religious Teachers,IHSAN,23,59,858,723
cust_12609955,acc_43575452880224,DENTIST,Al-AWFAR,84,107,18449,15998
cust_32132489,acc_60857011956763,Professional Police Inspector & Det,GIA,31,151,114747,101502
cust_31674525,acc_34330760937939,"FORESTRY, LOGGING AND RELATED SERVI",TDT,32,20,10056,5825
cust_50796309,acc_24452948132642,"Recreational, cultural and sporting",STDT,86,190,36547,31346
cust_22871968,acc_79741711304319,Religious Teachers,GIA,88,173,67643,58470
cust_86891197,acc_54693143096165,Renting of machinery&equipment w/o,IHSAN,13,18,7699,4238
cust_79909114,acc_58283913137702,Real estate activities,iGain,35,20,4970,3073
cust_82751477,acc_96887435813356,Scheduled air transport,TDT,73,205,3620,3247
cust_27838380,acc_96722192099993,Oth biz serv n.e.c,iGain,80,71,7487,6056
cust_11311532,acc_87007790953216,CHILDREN BELOW AGE,IHSAN,99,208,8743,8043
cust_91957440,acc_26884836348853,COMPANY DIRECTOR,IHSAN,59,122,6497,5977
cust_36001756,acc_63484542487142,Craft and Related Trades Workers,GIA,10,85,5342,4731
cust_69064213,acc_89033268218998,SEAMSTRESS,iGain,88,69,42643,33837
cust_91849288,acc_43701754280404,LAWYER/SOLICITOR,iGain,24,160,5560,4885
cust_13254643,acc_19099554934202,PHARMACIST,iGain,20,30,7003,4978
cust_10492603,acc_82986661201592,"Skilled Agricultural, Forestry, Livestock and Fishery Workers",IHSAN,70,100,584,509
cust_10488685,acc_53358719622595,Aircraft Pilots & Related Professionals,GIA,64,86,95989,80776
cust_24069316,acc_60795341232326,Physical & Engineering Scien Technicians,TDT,15,41,4442,3311
cust_14649212,acc_98392986668606,CONSULTANT,TDT,25,88,6007,5301
cust_83798276,acc_64649028744466,GOVERNMENT SERVANT,WAFIYAH,63,129,2583,2240
cust_64533265,acc_48248144709949,General Office Clerks,IHSAN,32,164,7212,6496
cust_98204207,acc_43298593106247,HEALTH AND SOCIAL WORK,IHSAN,71,25,7919,5172
cust_82133362,acc_47585736338864,LAWYER/SOLICITOR,IHSAN,47,210,5840,5043
cust_96686911,acc_20655917486080,Landscape Architects,WAFIYAH,62,212,4242,3812
cust_31469753,acc_81527550257581,"Skilled Agricultural, Forestry, Livestock and Fishery Workers",iGain,52,168,58086,50035
cust_35901963,acc_85394517236833,Primary School & Early Childhood Teachers,WAFIYAH,42,223,32186,27981
cust_86446795,acc_35595742111606,Vocational Education Teachers,GIA AWFAR,40,105,71741,61219
cust_32039451,acc_37341695656894,Rental of personal and household goods,iGain,72,198,22077,20135
cust_15150874,acc_88690083070133,"Mining,Manufacturing & Construction Prof",IHSAN,56,176,14056,12456
cust_70221711,acc_12157331997515,"EDUCATION, HEALTH AND OTHERS",iGain,63,137,61411,53323
cust_82086746,acc_56841169939050,TECHNICIAN,TDT,61,47,18002,13546
cust_97137659,acc_51730814321335,Language Teachers,WAFIYAH,28,136,9303,7935
cust_93501588,acc_72111409262061,Transport via railways (MRS),TDT,92,217,7653,6976
cust_20820751,acc_24705253013450,PHARMACIST,STDT,60,237,125172,115158
cust_79489755,acc_70149766671563,Elementary Occupations,Al-AWFAR,74,110,21566,18799
cust_86151511,acc_43906060708738,DENTIST,GIA AWFAR,89,63,12604,10062
cust_72830870,acc_65684330035267,Physical & Engineering Scien Technicians,TDT,93,181,3379,3066
cust_83781973,acc_13608550888549,Landscape Architects,WAFIYAH,70,22,55360,30530
cust_85418219,acc_51555447746605,GOVERNMENT SERVANT,GIA,80,40,101271,74439
cust_50189517,acc_57002580458413,General Office Clerks,TDT,52,137,66977,61618
cust_13613616,acc_29289376256948,Oth biz serv n.e.c,IHSAN,76,238,2425,2171
cust_51057492,acc_22566128876120,LAWYER/SOLICITOR,STDT,38,82,114318,96032
cust_28160389,acc_26962687271107,Extra-Territorial Organisations and,GIA,74,109,83631,74906
cust_20235647,acc_40972697025701,BANKER,WAFIYAH,17,81,216,192
cust_21243131,acc_18712913437447,"Plant and Machine Operators, and Assemblers",Al-AWFAR,92,108,3419,3083
cust_72763658,acc_95258781615664,"OTHER COMMUNITY, SOCIAL & PERSONAL",Al-AWFAR,32,6,79127,30419
cust_55407789,acc_46449465534623,CLERICAL,WAFIYAH,69,145,2235,2027
cust_58585482,acc_82807264225607,GOVERNMENT SERVANT,iGain,11,145,4828,4441
cust_77066931,acc_97697541079796,Oth biz serv n.e.c,Al-AWFAR,24,79,22017,18877
cust_59344099,acc_17266175200246,Physical & Engineering Scien Technicians,TDT,98,67,24737,19290
cust_17742202,acc_68650252114149,Dentists,Al-AWFAR,85,184,5136,4648
cust_86601798,acc_88426817806709,Cooks,GIA,30,49,58190,41930
cust_50390269,acc_67081099057005,Engineering Prof(incl Electrotechno,IHSAN,21,16,1111,649
cust_23969169,acc_48612350922167,Other service activities,GIA,83,14,83863,41808
cust_83199563,acc_48796872187414,University and Higher Education Teacher,WAFIYAH,99,213,4488,4042
cust_76115898,acc_13230899740662,Managing Directors and Chief Executives,STDT,25,90,91169,75590
cust_14772334,acc_58114067616034,"FORESTRY, LOGGING AND RELATED SERVI",GIA AWFAR,69,29,104532,66675
cust_27373734,acc_99418869710816,TANNING&DRESSING OF LEATHER;MFR OF,Al-AWFAR,35,212,4016,3694
cust_11417449,acc_96283677337474,COMPANY DIRECTOR,iGain,76,40,4812,3474
cust_34368287,acc_13635930595794,RECEPTIONIST,STDT,47,84,112859,93660
cust_18998233,acc_73521730326653,Rental of personal and household goods,IHSAN,21,9,686,299
cust_73891422,acc_37158838002723,Religious Teachers,IHSAN,39,165,1011,853
cust_57029781,acc_91269023806552,BANKER,Al-AWFAR,58,170,10737,9207
cust_98218430,acc_14060327113835,RECEPTIONIST,Al-AWFAR,81,183,61837,55650
cust_77448166,acc_94228669180997,Religious Professionals,iGain,11,67,3535,2983
cust_65038924,acc_85372816940899,Primary School & Early Childhood Teachers,STDT,96,82,40946,33854
cust_55838201,acc_20575394402734,Craft and Related Trades Workers,iGain,68,226,73865,67955
cust_14905028,acc_15384190358556,RECEPTIONIST,STDT,88,198,49859,43687
cust_16318111,acc_85123689789424,Elementary Occupations,GIA AWFAR,93,13,36670,18685
cust_65467807,acc_24018190387712,Scheduled air transport,WAFIYAH,23,168,9132,7875
cust_10394126,acc_58140833767828,HOTELS AND RESTAURANTS,STDT,18,196,33673,30979
cust_13811549,acc_92417037209083,Secondary Education Teachers,WAFIYAH,79,136,6651,6118
cust_29722216,acc_61070330219439,Telecommunication,GIA,26,156,51881,43724
cust_89573114,acc_45750997132554,ARCHITECT,WAFIYAH,23,5,2325,955
cust_51303711,acc_50051444936859,Professional Gov Social Benefit Off,GIA AWFAR,52,12,77103,41932
cust_73862045,acc_15680545363348,MFR OF WOOD&PRODS OF WOOD&CORK EXCE,iGain,92,13,4201,1988
cust_47040603,acc_97187708922543,Religious Teachers,iGain,81,42,8253,6154
cust_25581506,acc_37958876657297,Economists,STDT,56,238,21925,20171
cust_43404086,acc_27042714250556,Human Health and Social Work Activities,TDT,27,154,15368,13750
cust_18254890,acc_35744257165635,MFR OF WOOD&PRODS OF WOOD&CORK EXCE,STDT,40,189,99213,90643
cust_79322782,acc_96793587540233,Administrative Associate Profession,IHSAN,71,74,1851,1628
cust_26517990,acc_18485744813920,"Mining,Manufacturing & Construction Prof",STDT,24,226,22905,21072
cust_43873914,acc_88057273645106,COMPUTER PROGRAMMER,iGain,57,51,4612,3527
cust_98202446,acc_73705950496130,University and Higher Education Teacher,IHSAN,11,217,4839,4271
cust_63276691,acc_84701726124312,TEACHER/LECTURER,IHSAN,39,12,1343,642
cust_51270457,acc_97830778633110,Ships Deck Officers and Pilots,GIA AWFAR,32,9,101840,51018
cust_58871149,acc_85793918996518,TEACHER/LECTURER,iGain,71,23,6787,3858
cust_80567285,acc_94904411615006,Language Teachers,STDT,92,191,24457,21759
cust_32903360,acc_21424173111182,WAITER/WAITRESS,TDT,23,65,29259,23777
cust_67276750,acc_81620970865027,Language Teachers,iGain,81,111,11265,9684
cust_88542236,acc_59110812467294,LAWYER/SOLICITOR,STDT,69,116,16265,14418
cust_61517183,acc_58914603557187,ACCOUNTANT,WAFIYAH,97,191,69011,63490
cust_50188604,acc_90902941868846,"EDUCATION, HEALTH AND OTHERS",GIA AWFAR,92,87,15568,13190
cust_23061722,acc_97462343678204,Dentists,IHSAN,19,6,1842,776
cust_32346056,acc_73435449073886,Building Architects,Al-AWFAR,76,96,8271,7379
cust_95142200,acc_53464455052460,"PUBLIC ADMINISTRATION & DEFENSE,",STDT,63,73,53293,44488
cust_58713395,acc_51076347211166,MANUFACTURE OF TEXTILES,GIA,20,177,72307,66522
cust_37120836,acc_44770731150086,Aircraft Pilots & Related Professionals,GIA,33,182,5104,4600
cust_47653149,acc_42543912661539,Landscape Architects,IHSAN,93,26,15591,9751
cust_62021549,acc_45235615751598,CLERK,WAFIYAH,58,192,21677,18367
cust_58379243,acc_18077791172607,"Librarians, Archivists and Curators",TDT,40,21,66686,36309
cust_33174337,acc_16969247673439,CONSULTANT,iGain,38,151,40791,34334
cust_68430983,acc_80188285948508,CLERICAL,Al-AWFAR,85,96,61305,53529
cust_49840946,acc_50146560362820,Ships Deck Officers and Pilots,STDT,35,76,71151,56388
cust_94653496,acc_93761603969015,Elementary Occupations,TDT,24,119,7473,6856
cust_24213051,acc_65099890773455,FINANCIAL INTERMEDIATION,STDT,61,78,47244,39585
cust_23359509,acc_13165838396597,"Recreational, cultural and sporting",GIA AWFAR,99,192,71800,63903
cust_51549261,acc_24177100718573,HOTELS AND RESTAURANTS,GIA AWFAR,26,233,35930,31396
cust_55751746,acc_28523781371170,"Mining,Manufacturing & Construction Prof",WAFIYAH,32,197,29734,27246
cust_72178768,acc_97816242195069,Accountants,Al-AWFAR,52,108,2806,2380
cust_46363095,acc_29683380353647,RECEPTIONIST,iGain,27,123,42731,36423
cust_92234430,acc_56418010865924,MFR OF WOOD&PRODS OF WOOD&CORK EXCE,iGain,68,110,4248,3864
cust_52675185,acc_94255923847617,EDUCATION,IHSAN,32,192,16265,14768
cust_21640276,acc_97947345692292,CONSULTANT,WAFIYAH,21,135,3550,3124
cust_20729577,acc_31272439184519,Primary School & Early Childhood Teachers,GIA AWFAR,33,115,14724,13202
cust_97606526,acc_14420587937503,(blank),STDT,93,101,122858,106518
cust_22068514,acc_23824164928398,MFR OF WOOD&PRODS OF WOOD&CORK EXCE,GIA AWFAR,94,93,116188,101078
cust_95306606,acc_15699563083230,Managing Directors and Chief Executives,GIA AWFAR,55,135,91444,78875
cust_35026799,acc_27561181698310,DOCTOR VETERINAR,GIA AWFAR,46,167,177697,163481
cust_18406831,acc_61171274323336,NON-EXECUTIVE,IHSAN,83,107,1357,1159
cust_37423414,acc_92120391666607,"Recreational, cultural and sporting",iGain,27,195,42208,38831
cust_65322823,acc_58349699532490,"FINANCE, INSURANCE, REAL ESTATE AND",GIA,68,200,16557,14772
cust_48511289,acc_66339060102917,IT SPECIALIST,Al-AWFAR,71,106,14522,13001
cust_80702235,acc_28168052644858,PILOT,GIA,73,219,22761,20940
cust_64988879,acc_82052525860646,Elementary Occupations,GIA,29,45,5100,3961
cust_46070556,acc_65601001765502,CONSULTANT,GIA AWFAR,74,224,55899,48838
cust_67116620,acc_87772314627345,GENERAL WORKER,TDT,65,74,31522,27167
cust_97431635,acc_95395879630520,NON-EXECUTIVE,TDT,88,138,3808,3503
cust_47062980,acc_41311069818093,PILOT,Al-AWFAR,25,71,62174,50715
cust_23809932,acc_18152115268189,STEWARD/STEWARDESS,STDT,65,109,59260,51817
cust_46790479,acc_30333606212510,Professional Police Inspector & Det,TDT,84,85,3860,3213
cust_85610344,acc_49405740910825,DOCTOR VETERINAR,GIA,35,171,44992,39811
cust_29586567,acc_95112428664202,Religious Teachers,TDT,76,24,4060,2710
cust_95422842,acc_44047884013607,Ships Deck Officers and Pilots,IHSAN,18,202,632,548
cust_62947562,acc_79369589229883,SECRETARY,GIA,74,218,51438,44774
cust_64141600,acc_58642902295367,"OTHER COMMUNITY, SOCIAL & PERSONAL",GIA AWFAR,64,137,13932,12817
cust_92841138,acc_26452789338787,IT SPECIALIST,IHSAN,27,134,740,670
cust_13245385,acc_38866070705810,Extra-Territorial Organisations and,iGain,15,170,423,389
cust_36880418,acc_68787269652053,LAWYER/SOLICITOR,iGain,77,51,2451,1845
cust_47656003,acc_70556805521640,RECEPTIONIST,Al-AWFAR,31,181,39660,35701
cust_52954788,acc_49128377212814,SERVICE MANAGER,iGain,54,56,37717,28819
cust_52671940,acc_30578104239590,OTHERS,iGain,15,164,3369,3027
cust_23313200,acc_74971610156140,GENERAL WORKER,iGain,96,77,13538,10630
cust_30303358,acc_25198573745144,"Plant and Machine Operators, and Assemblers",iGain,59,181,2856,2618
cust_18571790,acc_94300272267861,"EDUCATION, HEALTH AND OTHERS",STDT,93,191,77214,70031
cust_61521213,acc_26911322113282,ACADEMICIANS,IHSAN,24,54,630,488
cust_41578183,acc_19658112654926,DOCTOR,TDT,28,150,65186,57348
cust_60919471,acc_54788293212884,Clerical Support Workers,STDT,64,122,25691,21955
cust_63074291,acc_56759463829872,Cooks,TDT,64,74,24838,21147
cust_73180196,acc_55737362330042,EXECUTIVE,TDT,81,143,3210,2742
cust_59233199,acc_49300074040495,Other Agriculture,GIA,93,239,10199,9328
cust_68315363,acc_99533340354664,Other Agriculture,Al-AWFAR,83,5,10557,4975
cust_62843509,acc_53765255140352,STEWARD/STEWARDESS,GIA,22,230,35117,32307
cust_68718975,acc_53015192266584,ENGINEER,IHSAN,37,207,19916,16990
cust_65497953,acc_47958945644310,Accountants,TDT,92,129,2200,1910
cust_38459273,acc_16014317923131,CLERK,TDT,59,148,2002,1809
cust_32165599,acc_63366096803465,Other service activities,TDT,88,92,7284,6229
cust_80868899,acc_30517099500086,LAWYER/SOLICITOR,TDT,60,35,7721,5018
cust_40843177,acc_67384808220614,Manufacture of Other Non-metallic,WAFIYAH,14,139,4665,4198
cust_59422994,acc_14575011575362,FIRE FIGHTER,STDT,52,197,159474,143110
cust_27727577,acc_98324839112770,"FORESTRY, LOGGING AND RELATED SERVI",TDT,84,59,51488,43414
cust_48827637,acc_52210457111140,SECTOR N.E.C,STDT,68,174,21735,19301
cust_57669731,acc_90707983443162,HOTELS AND RESTAURANTS,WAFIYAH,21,181,9148,8416
cust_66341123,acc_52800505590964,Financial and Investment Advisers,GIA,28,183,63204,54265
cust_57373899,acc_15429773671679,STUDENT,WAFIYAH,86,85,6337,5179
cust_42459160,acc_83999219148442,"Music, Arts and Performing Arts Teachers",iGain,98,97,23101,20432
cust_96559416,acc_68336535670042,CONSULTANT,WAFIYAH,77,103,4797,4322
cust_56146531,acc_80358134281655,Elementary Occupations,Al-AWFAR,18,206,6595,5734
cust_82747036,acc_48535287715798,"Sales, Marketing & Public Relations",GIA,65,217,93312,83924
cust_76303511,acc_67414306982198,"Music, Arts and Performing Arts Teachers",IHSAN,84,102,1260,1041
cust_60248547,acc_87060610341694,Professionals,WAFIYAH,67,233,70136,62681
cust_89776259,acc_66795889858469,Sales Workers Not Elsewhere Classif,WAFIYAH,63,139,6190,5654
cust_21544112,acc_41290627135231,Motor Vehicle Mechanics and Repaire,iGain,52,95,2181,1848
cust_92895147,acc_69627663492957,Scheduled air transport,TDT,32,5,5122,2119
cust_86520342,acc_70466876975266,TECHNICIAN,Al-AWFAR,35,149,3761,3224
cust_55326963,acc_96452826625596,Cartographers and Surveyors,iGain,77,157,12973,11332
cust_76005275,acc_43382108938750,Administrative Associate Profession,WAFIYAH,16,233,2391,2199
cust_56824760,acc_48257359076271,Service and Sales Workers,GIA AWFAR,17,174,530,475
cust_34188803,acc_83091066506835,HEALTH AND SOCIAL WORK,iGain,45,12,50430,23996
cust_81988336,acc_55518608326846,EDITOR/WRITER,IHSAN,79,138,1905,1673
cust_32132967,acc_76291578380415,"Plant and Machine Operators, and Assemblers",STDT,69,180,23208,19689
