Customer_ID,Customer_Acc,Age,Stated_Occupation,Location_State,Account_Tenure_Months,Account_Type,Avg_Balance
CUST_XMN3g,CACC_tektXwA,18,PHARMACIST,Terengganu,108,CA,697398.29
CUST_MifVa,CACC_SVx0Wti,87,RELIGIOUS TEACHERS,Kelantan,129,SA,761163.59
CUST_B6QI0,CACC_ynJsqhj,74,SECRETARY,Perlis,35,SA,370860.94
CUST_20as6,CACC_x3QOJpy,50,CLERICAL,WP Labuan,189,SA,822779.34
CUST_uuo0Z,CACC_1me0UY2,59,SALES WORKERS NOT ELSEWHERE CLASSIF,Perak,58,CA,63910.87
CUST_tndgq,CACC_DHQlrV5,59,STEWARD/STEWARDESS,WP KL,70,SA,758111.93
CUST_tHtDu,CACC_1tbWN5P,73,HEALTH AND SOCIAL WORK,Kelantan,234,CA,778405.66
CUST_4pJFr,CACC_W6wR5uY,90,MANUFACTURE OF OTHER NON-METALLIC,Melaka,90,CA,43899.39
CUST_Tc2Ed,CACC_SQtuc1G,59,"PUBLIC ADMINISTRATION & DEFENSE,",Sarawak,166,SA,967512.98
CUST_bmsS1,CACC_DMNso2z,77,OTHER SERVICE ACTIVITIES,Pahang,218,CA,469608.86
CUST_iBxAS,CACC_2w0Mu9F,81,ADMINISTRATIVE ASSOCIATE PROFESSION,Perak,35,SA,226986.66
CUST_CLtBr,CACC_nMyD85T,52,COMPANY DIRECTOR,Sabah,226,CA,832694.93
CUST_Dy17B,CACC_EVGrDAy,66,"LIBRARIANS, ARCHIVISTS AND CURATORS",Kelantan,78,SA,804783.88
CUST_AtnjW,CACC_HDkYzfl,84,"MUSIC, ARTS AND PERFORMING ARTS TEACHERS",Pulau Pinang,216,CA,682527.25
CUST_s7tgM,CACC_svie1w6,67,"FORESTRY, LOGGING AND RELATED SERVI",WP KL,52,SA,786945.69
CUST_wA0HE,CACC_NglEJQ4,10,SECRETARY,Terengganu,116,SA,780750.96
CUST_KfNEu,CACC_RbrBAav,60,"FINANCE, INSURANCE, REAL ESTATE AND",Perlis,139,CA,114618.62
CUST_Khyyz,CACC_HQQqmzn,22,RENTAL OF PERSONAL AND HOUSEHOLD GOODS,Sabah,159,CA,565279.58
CUST_CUTGf,CACC_CDXLit8,17,ARCHITECT,Selangor,154,SA,559251.24
CUST_RBbpc,CACC_agd6hjG,59,COMPUTER PROGRAMMER,Pahang,147,CA,436773.72
CUST_1hQhQ,CACC_whcmN6u,98,NON-EXECUTIVE,Pahang,101,SA,234016.09
CUST_isDTn,CACC_nGhyMA0,86,SHIP ENGINEER,Kedah,206,CA,293664.4
CUST_9SGrR,CACC_Dz7MQea,49,MANUFACTURE OF TEXTILES,Kelantan,136,SA,664347.11
CUST_7SEEL,CACC_2XqCCsl,80,OTHER SERVICE ACTIVITIES,Perak,103,SA,167056.22
CUST_FEn8l,CACC_DhzMqmw,40,PRIMARY SCHOOL & EARLY CHILDHOOD TEACHERS,Kelantan,26,SA,461931.04
CUST_sqyMl,CACC_v5j8Czi,75,PROFESSIONAL GOV SOCIAL BENEFIT OFF,Melaka,217,SA,152396.87
CUST_0BdXH,CACC_Y50HJKF,54,"LIBRARIANS, ARCHIVISTS AND CURATORS",Perlis,110,CA,301581.94
CUST_h3C3j,CACC_5vgHV2o,44,SYSTEM ANALYSTS,Terengganu,148,CA,87741.15
CUST_Iwlxz,CACC_D9ZZvkq,40,SERVICE AND SALES WORKERS,Pulau Pinang,232,CA,699737.16
CUST_cWkzK,CACC_EEvXsco,91,COOKS,Negeri Sembilan,185,SA,778773.03
CUST_rDyH7,CACC_y8gl2to,33,PROFESSIONAL GOV SOCIAL BENEFIT OFF,Sarawak,111,SA,96481.32
CUST_2lBbV,CACC_7o549mC,34,SALES WORKERS NOT ELSEWHERE CLASSIF,WP Labuan,35,CA,202443.13
CUST_HaVF3,CACC_NY2kDAq,74,ACCOUNTANTS,WP KL,141,SA,856628.62
CUST_8OziW,CACC_aRJtRWw,25,PRIMARY SCHOOL & EARLY CHILDHOOD TEACHERS,Sarawak,121,SA,432149.83
CUST_rOBo0,CACC_YaW378i,37,TRANSPORT VIA RAILWAYS (MRS),Melaka,142,CA,84535.88
CUST_Wublu,CACC_E1YN2DJ,68,MANUFACTURE OF OTHER NON-METALLIC,Perak,190,CA,494041.42
CUST_plIrH,CACC_4nH9i57,26,VOCATIONAL EDUCATION TEACHERS,Terengganu,39,SA,587685.81
CUST_LEvX5,CACC_eHSIB2y,19,COMPUTER PROGRAMMER,Melaka,75,SA,581103.03
CUST_mPnwj,CACC_GOWyJ0p,50,ENGINEER,Terengganu,144,CA,958563.36
CUST_kGA6Z,CACC_wDQPjZp,12,ACCOUNTANT,Perlis,115,SA,82821.73
CUST_KNTqG,CACC_GuaqQkA,34,PRODUCTION AND MANUFACTURING MANAGERS,Sabah,120,CA,571770.88
CUST_LVoSX,CACC_TBMw6kt,94,DOCTOR,Perlis,195,CA,331635.84
CUST_UMsf7,CACC_53A5a9c,59,ELEMENTARY OCCUPATIONS,WP KL,108,CA,826309.3
CUST_PYlHg,CACC_8PpKfeo,11,SECONDARY EDUCATION TEACHERS,WP Labuan,133,CA,554080.74
CUST_oyg6b,CACC_wcUpiz8,38,GENERAL OFFICE CLERKS,Terengganu,163,CA,659456.69
CUST_QC9Da,CACC_8cYN7Lu,35,CONSULTANT,Sabah,226,SA,107830.17
CUST_DHZ1J,CACC_YqlAipZ,65,SEAMSTRESS,WP Putrajaya,59,CA,554896.98
CUST_G84kk,CACC_91wkLrH,13,"MINING,MANUFACTURING & CONSTRUCTION PROF",Pulau Pinang,78,SA,808270.65
CUST_KKiX3,CACC_O94RzJc,96,"SALES, MARKETING & PUBLIC RELATIONS",Negeri Sembilan,229,SA,515105.62
CUST_meWgO,CACC_1use8oC,36,ECONOMISTS,Negeri Sembilan,238,SA,164691.36
CUST_PI3fY,CACC_CCmc20k,57,GOVERNMENT SERVANT,Pahang,107,SA,891688.1
CUST_68EJI,CACC_7E4nOZF,99,EXECUTIVE,Sarawak,204,SA,893457.3
CUST_CbmuO,CACC_nZHxFff,20,ELEMENTARY OCCUPATIONS,Perlis,79,CA,661695.1
CUST_L4dmR,CACC_2MAgvAe,79,OTHER SERVICE ACTIVITIES,Pulau Pinang,214,CA,746814.93
CUST_RV1MH,CACC_gzBddkD,44,OTHERS,Kedah,226,SA,122845.66
CUST_CA8YF,CACC_IXfzXk6,31,TEACHER/LECTURER,WP KL,215,CA,179350.38
CUST_NKx73,CACC_BKFJwlz,43,RENTING OF MACHINERY&EQUIPMENT W/O,Sabah,211,CA,310392.64
CUST_nu2Z1,CACC_xEE2VEz,27,OPTOMETRISTS AND OPHTHALMIC OPTICIANS,Sarawak,80,SA,500791.11
CUST_QqgjY,CACC_k6Qsjpq,49,"FORESTRY, LOGGING AND RELATED SERVI",WP Putrajaya,8,CA,131909.04
CUST_e8zxX,CACC_McnmZnY,30,PRIMARY SCHOOL & EARLY CHILDHOOD TEACHERS,Sabah,233,CA,506379.3
CUST_guSMI,CACC_Bwf20LC,93,"PLANT AND MACHINE OPERATORS, AND ASSEMBLERS",Sarawak,142,CA,804144.11
CUST_8HESE,CACC_pJFhEy9,27,PRIMARY SCHOOL & EARLY CHILDHOOD TEACHERS,Sabah,24,SA,131144.65
CUST_AN9aT,CACC_EpeLrOQ,49,SERVICE MANAGER,Selangor,223,CA,301018.6
CUST_xaZz2,CACC_CJrwxjc,45,EDUCATION,Perlis,124,SA,955627.69
CUST_Iscf1,CACC_tZwR1JW,56,SECTOR N.E.C,WP Putrajaya,223,CA,555242.52
CUST_RKQmJ,CACC_SSyDmmE,12,CLERICAL SUPPORT WORKERS,Terengganu,203,CA,140425.56
CUST_c91dK,CACC_l3bzP6N,77,ACCOUNTANT,Kedah,233,CA,933029.92
CUST_H4S00,CACC_2CCGhSY,63,AIRCRAFT PILOTS & RELATED PROFESSIONALS,WP KL,106,CA,784784.97
CUST_ZRvK0,CACC_C3o3JVe,86,PRIMARY SCHOOL & EARLY CHILDHOOD TEACHERS,Terengganu,30,CA,796837.41
CUST_WLkvg,CACC_3emPOZJ,84,"FINANCE, INSURANCE, REAL ESTATE AND",Negeri Sembilan,83,SA,606055.22
CUST_rFmXN,CACC_BUvAehl,93,OTH BIZ SERV N.E.C,Sarawak,147,CA,374246.63
CUST_DoNaU,CACC_rhXzRVp,47,RECEPTIONIST,Perak,31,SA,867503.88
CUST_LINIY,CACC_gqFMIpL,34,COOKS,Perlis,63,CA,746039.68
CUST_xktMn,CACC_jOPHxdR,31,"MUSIC, ARTS AND PERFORMING ARTS TEACHERS",WP KL,231,CA,66652.2
CUST_vzcC7,CACC_nat0rfo,52,RENTING OF MACHINERY&EQUIPMENT W/O,Pulau Pinang,39,CA,310403.64
CUST_UaoDR,CACC_029Pg8q,84,SEAMSTRESS,Melaka,221,SA,165615.17
CUST_21LfX,CACC_RLhQBCZ,24,SECTOR N.E.C,Selangor,41,CA,21245.9
CUST_ptnSs,CACC_X9XRqWH,20,LANDSCAPE ARCHITECTS,Kedah,50,CA,53476.59
CUST_BR1Di,CACC_vRkCjS3,48,IT SPECIALIST,Perlis,165,SA,318059.3
CUST_9OgKM,CACC_bDlHHWh,45,ACADEMICIANS,Perlis,178,SA,851146.51
CUST_6AhPW,CACC_muWWDgr,58,GOVERNMENT SERVANT,Perlis,47,SA,249462.64
CUST_C8MDD,CACC_CJ2lpeG,31,"EDUCATION, HEALTH AND OTHERS",Selangor,228,CA,49349.19
CUST_9z7MM,CACC_Y87pyat,10,DOCTOR VETERINAR,WP Labuan,128,SA,833475.21
CUST_jZHbz,CACC_Wo7Rt9o,19,GENERAL OFFICE CLERKS,Kedah,100,SA,99203.23
CUST_0h5Kh,CACC_RNiJpPs,85,"MUSIC, ARTS AND PERFORMING ARTS TEACHERS",WP KL,218,CA,802045.68
CUST_oaXao,CACC_0Fk2DDg,98,HOSPITALITY & REL SERVICES PROFESSI,Sarawak,153,SA,779018.45
CUST_4Pbq2,CACC_iL9IGSh,76,EDUCATION,WP KL,131,CA,857586.39
CUST_0a9lp,CACC_wRkPCAy,56,"RETAIL TRADE,EXCEPT OF MOTOR",Perak,190,CA,639599.31
CUST_YmyxN,CACC_truZpAp,32,PERSONAL SERVICES WORKERS NOT ELWHE,Kedah,37,CA,416947.68
CUST_Rbji6,CACC_VuoWdno,53,BANKER,Negeri Sembilan,84,CA,366455.81
CUST_RY9IZ,CACC_biod44H,76,VOCATIONAL EDUCATION TEACHERS,Perak,94,CA,296946.79
CUST_zqvOX,CACC_rH01nOh,71,COMPUTER PROGRAMMER,WP Putrajaya,163,SA,480962.34
CUST_3UTBO,CACC_akZTrfj,79,VOCATIONAL EDUCATION TEACHERS,Perak,131,SA,652622.08
CUST_DggkC,CACC_zvc9Ts9,86,RELIGIOUS TEACHERS,WP KL,135,SA,632954.34
CUST_I6LHC,CACC_iIYHW5F,16,MANAGERS,Melaka,178,CA,694828.65
CUST_5TdAW,CACC_kbFbbQb,28,BUILDING ARCHITECTS,WP KL,221,CA,614418.3
CUST_1gcDO,CACC_BIbPnji,67,GENERAL WORKER,Terengganu,176,SA,935946.23
CUST_an8z4,CACC_WQ4eHZk,17,"RECREATIONAL, CULTURAL AND SPORTING",Melaka,231,SA,800904.09
CUST_l347L,CACC_pi8F9Ea,46,RENTING OF MACHINERY&EQUIPMENT W/O,Perak,189,SA,946032.46
CUST_BEHak,CACC_biZpYxx,81,EXECUTIVE,Negeri Sembilan,175,SA,95139.69
CUST_YhqjQ,CACC_vgZVwWA,56,LANGUAGE TEACHERS,Melaka,45,CA,572473.27
CUST_sCGPC,CACC_nsLrUmB,60,LAWYER/SOLICITOR,Perak,165,SA,763947.0
CUST_TOfzB,CACC_tb1Y4Qr,92,MOTOR VEHICLE MECHANICS AND REPAIRE,Perlis,121,CA,931243.11
CUST_tr4oa,CACC_yYcoFZL,63,"MUSIC, ARTS AND PERFORMING ARTS TEACHERS",Kelantan,190,CA,87800.24
CUST_ktB5F,CACC_90cmmlZ,53,PROFESSIONAL POLICE INSPECTOR & DET,Sabah,103,SA,671264.29
CUST_hsc7N,CACC_PRFEmrU,79,CONSULTANT,Pulau Pinang,179,SA,762555.89
CUST_XNJvj,CACC_KFs1Sts,67,PERSONAL SERVICES WORKERS NOT ELWHE,Sarawak,90,SA,157695.89
CUST_NLNUY,CACC_59EPL9b,38,REAL ESTATE ACTIVITIES,Melaka,25,SA,437960.25
CUST_7YpHk,CACC_4YgViXR,76,MANUFACTURE OF TOBACCO PRODUCTS,Kelantan,177,CA,936146.37
CUST_co5j2,CACC_xu7HZ01,59,"SKILLED AGRICULTURAL, FORESTRY, LIVESTOCK AND FISHERY WORKERS",Sarawak,149,CA,376421.84
CUST_JbhwH,CACC_J66mPAw,68,ACADEMICIANS,Kedah,174,SA,118566.73
CUST_9xICK,CACC_3OY0M24,95,PERSONAL SERVICES WORKERS NOT ELWHE,WP KL,212,SA,122009.49
CUST_PE1p3,CACC_0iMAWCy,53,IT SPECIALIST,Kedah,166,SA,454372.53
CUST_ll2vl,CACC_4RCQHqs,11,"RECREATIONAL, CULTURAL AND SPORTING",WP KL,106,CA,458602.23
CUST_acVAA,CACC_7t0hPGg,38,SALES WORKERS NOT ELSEWHERE CLASSIF,Kedah,76,SA,781315.91
CUST_56phS,CACC_YoFC0Kq,92,"MINING,MANUFACTURING & CONSTRUCTION PROF",Kelantan,97,SA,879212.1
CUST_w5swo,CACC_eBudw4g,71,SECTOR N.E.C,Sarawak,202,CA,999104.82
CUST_EQDfL,CACC_PAAP0ny,19,PRIMARY SCHOOL & EARLY CHILDHOOD TEACHERS,Terengganu,37,SA,90531.68
CUST_zYKx8,CACC_HbFTt8F,71,AUDITOR,WP KL,11,CA,143107.57
CUST_Qj0tS,CACC_V6h28VG,31,SHIPS DECK OFFICERS AND PILOTS,Sarawak,195,CA,910647.16
CUST_Vx20z,CACC_2YHErNd,36,PROFESSIONAL POLICE INSPECTOR & DET,WP Labuan,13,CA,51752.75
CUST_dKnOE,CACC_60au2Mt,10,SHIP ENGINEER,Terengganu,236,SA,238628.97
CUST_qC9WC,CACC_k611Z0r,35,SHIPS DECK OFFICERS AND PILOTS,Negeri Sembilan,18,SA,927802.65
CUST_Glxth,CACC_cnomxrE,82,SERVICE MANAGER,Sarawak,204,SA,837996.42
CUST_21iLt,CACC_DD37aM6,50,PROFESSIONALS,Perak,52,CA,504580.54
CUST_b7NL5,CACC_PIgPKsB,21,DOCTOR,Sarawak,134,SA,851145.99
CUST_fijbS,CACC_8CVhNiV,50,"PUBLIC ADMINISTRATION & DEFENSE,",WP KL,178,CA,270831.68
CUST_jOEVX,CACC_Jq127kW,27,GENERAL WORKER,Sabah,128,SA,611582.45
CUST_o6kD4,CACC_JoDxgwA,55,SELF-EMPLOYED,Kelantan,150,CA,884157.3
CUST_mSfxN,CACC_3hGcYiZ,13,"FINANCE, INSURANCE, REAL ESTATE AND",Sabah,102,CA,91811.83
CUST_Nt4jx,CACC_MhEM4KO,79,CLERICAL,Pulau Pinang,236,SA,784102.54
CUST_HZCVF,CACC_dVIvz2y,51,OTHERS,Terengganu,210,SA,145215.74
CUST_XHeu1,CACC_XCwaJQE,32,PILOT,Selangor,76,CA,699805.97
CUST_IrpKQ,CACC_MA7Cph6,62,OTHERS,Terengganu,109,SA,148524.15
CUST_qnDDZ,CACC_91InFsp,51,BUILDING ARCHITECTS,Sabah,100,SA,119305.6
CUST_AOSsm,CACC_XpDGQ37,52,MFR OF WOOD&PRODS OF WOOD&CORK EXCE,Melaka,228,CA,304774.13
CUST_pdzRf,CACC_dCnoZEz,65,PHARMACISTS,Sarawak,149,CA,411869.72
CUST_d3hXR,CACC_jWoYNtQ,67,"PUBLIC ADMINISTRATION & DEFENSE,",Perak,203,CA,588347.42
CUST_qznrZ,CACC_Xe2sDWG,64,"SALES, MARKETING & PUBLIC RELATIONS",WP Labuan,13,CA,474185.26
CUST_s4ZWJ,CACC_ikQuVP0,47,CLERICAL SUPPORT WORKERS,Negeri Sembilan,27,SA,565815.32
CUST_tg5RS,CACC_VbMNNcu,63,"LIBRARIANS, ARCHIVISTS AND CURATORS",Selangor,157,SA,316282.53
CUST_ONo5i,CACC_XnU5Xas,68,TECHNICIAN,Sarawak,85,SA,431475.05
CUST_OIwyL,CACC_WvTwILo,57,EXTRA-TERRITORIAL ORGANISATIONS AND,Perlis,90,SA,736732.02
CUST_pbbhs,CACC_9E8g76i,56,POLICE OFFICERS,WP Labuan,35,SA,503682.56
CUST_zQy0I,CACC_rqhWZgz,76,ELEMENTARY OCCUPATIONS,Pahang,193,CA,837398.62
CUST_xWAQk,CACC_RmaOCZ5,38,MANUFACTURE OF TOBACCO PRODUCTS,Perlis,14,CA,72151.94
CUST_VFmdz,CACC_TbJ01Wz,88,"MUSIC, ARTS AND PERFORMING ARTS TEACHERS",WP KL,18,CA,334196.63
CUST_2ADDx,CACC_DvZAO7J,35,PRODUCTION AND MANUFACTURING MANAGERS,Melaka,177,CA,742718.3
CUST_xIXsL,CACC_lPZfxa0,91,SECONDARY EDUCATION TEACHERS,Perak,200,SA,372324.35
CUST_W1JZY,CACC_JZECNcv,87,LANDSCAPE ARCHITECTS,Melaka,61,SA,119760.59
CUST_xbFNN,CACC_ge52zDm,55,(BLANK),Perlis,231,CA,772127.68
CUST_1dgzz,CACC_Kggat8I,99,PHARMACISTS,Pahang,186,SA,705435.82
CUST_jlac2,CACC_G6ntRnx,77,MANUFACTURE OF TOBACCO PRODUCTS,WP Labuan,156,CA,209136.75
CUST_kER13,CACC_qArqBVs,10,MANUFACTURE OF OTHER NON-METALLIC,Perlis,115,CA,165990.28
CUST_ls1az,CACC_zgDenul,47,"RETAIL TRADE,EXCEPT OF MOTOR",WP Labuan,238,SA,839085.82
CUST_Demtp,CACC_BytJSx7,60,MOTOR VEHICLE MECHANICS AND REPAIRE,WP Putrajaya,158,CA,448300.79
CUST_W1C5J,CACC_ZAAgyKX,85,NURSE,Pahang,23,SA,433835.65
CUST_2cmsQ,CACC_ZdeNJzv,77,LAWYER/SOLICITOR,Perlis,221,CA,181008.56
CUST_tMwm7,CACC_776IPBI,31,OTHER NON-SCHEDULED PASSENGER LAND,WP Putrajaya,15,SA,292130.12
CUST_tpvj0,CACC_bhTnXis,30,ADMINISTRATIVE ASSOCIATE PROFESSION,Perlis,239,SA,493340.65
CUST_IC3ie,CACC_KgJbPe0,11,UNIVERSITY AND HIGHER EDUCATION TEACHER,Pahang,62,SA,637624.94
CUST_k2xmj,CACC_JeIui7C,85,POLICE OFFICERS,Terengganu,101,SA,762926.73
CUST_G4tTL,CACC_1lP5Iwp,65,SELF-EMPLOYED,Sabah,91,SA,338522.64
CUST_7JqGj,CACC_2Yx9uFi,58,RECEPTIONIST,WP KL,83,CA,768650.73
CUST_h12yK,CACC_W0112mi,72,SHIPS DECK OFFICERS AND PILOTS,Pulau Pinang,124,CA,587165.23
CUST_RlMv8,CACC_v5NCKHW,91,SERVICE MANAGER,WP KL,95,CA,498867.08
CUST_rUj9A,CACC_lA3wEA2,86,RELIGIOUS PROFESSIONALS,Perlis,29,CA,917345.94
CUST_fimMA,CACC_yfni0Bc,45,TRANSPORT VIA RAILWAYS (MRS),Terengganu,97,CA,338921.75
CUST_KoU9m,CACC_O845rhR,38,ADMINISTRATIVE ASSOCIATE PROFESSION,Negeri Sembilan,10,SA,448262.51
CUST_KHEDP,CACC_54Gp5oC,93,ACCOUNTANT,Pahang,38,SA,7413.72
CUST_OdXVx,CACC_l4bEzMG,47,HOUSEHOLD,Melaka,170,SA,981807.77
CUST_N0Vxh,CACC_vMXQZiq,67,MOTOR VEHICLE MECHANICS AND REPAIRE,Terengganu,212,CA,761456.42
CUST_CGTgm,CACC_MjcUDW7,68,ECONOMISTS,Perlis,175,CA,782026.97
CUST_BADUI,CACC_MCm7fhz,96,"FINANCE, INSURANCE, REAL ESTATE AND",WP Labuan,22,CA,732440.26
CUST_0z7hn,CACC_8gVGYnG,82,RENTAL OF PERSONAL AND HOUSEHOLD GOODS,Terengganu,135,SA,969818.14
CUST_WHZoE,CACC_Jl5KLl9,68,GENERAL OFFICE CLERKS,WP Putrajaya,41,CA,733780.12
CUST_FrMgL,CACC_YaPS8nQ,97,FIRE FIGHTER,Terengganu,86,CA,41042.87
CUST_cuLAr,CACC_qmgdBm3,21,BUILDING ARCHITECTS,Sarawak,232,CA,985541.62
CUST_x3LGJ,CACC_xnyLD4P,87,"FINANCE, INSURANCE, REAL ESTATE AND",Pahang,235,CA,793702.78
CUST_R7Y2k,CACC_w0F3gsY,47,CARTOGRAPHERS AND SURVEYORS,Kelantan,57,SA,802079.58
CUST_oQ6a9,CACC_jCcMkCV,33,RECEPTIONIST,Perak,199,CA,372765.07
CUST_5EKDl,CACC_HiApRoa,13,SCHEDULED AIR TRANSPORT,Kedah,92,CA,675338.1
CUST_PRJD4,CACC_GyxIxd6,78,PROFESSIONAL GOV SOCIAL BENEFIT OFF,Terengganu,187,CA,739457.53
CUST_UFeqC,CACC_NrONCtS,87,NURSE,WP KL,95,CA,234611.7
CUST_vLUON,CACC_nI7Ay4s,19,EXTRA-TERRITORIAL ORGANISATIONS AND,Negeri Sembilan,207,CA,514677.88
CUST_R6zdj,CACC_HDd6oq1,10,PERSONAL SERVICES WORKERS NOT ELWHE,Sabah,130,CA,401415.42
CUST_uz5Og,CACC_upAvbGo,72,AUDITOR,Terengganu,163,CA,852795.85
CUST_ATeb9,CACC_RPdnjqk,31,ELEMENTARY OCCUPATIONS,Pulau Pinang,188,SA,299013.76
CUST_7vHK5,CACC_DIfEThd,73,IT SPECIALIST,Perak,98,CA,886568.91
CUST_e1z1f,CACC_AA295KT,34,OTH BIZ SERV N.E.C,Melaka,165,CA,341992.75
CUST_QVvSc,CACC_S4V9Ad5,50,PROFESSIONAL GOV SOCIAL BENEFIT OFF,Perak,195,SA,296432.42
CUST_ErFwr,CACC_aTAAsk6,99,PHARMACIST,Perak,131,CA,574914.44
CUST_BCkgH,CACC_LqkhtpL,26,OPTOMETRISTS AND OPHTHALMIC OPTICIANS,WP KL,170,SA,392429.86
CUST_I9nMq,CACC_054cfET,63,CHILDREN BELOW AGE,WP Labuan,56,CA,134453.48
CUST_xQBRW,CACC_hqZX8Q1,19,(BLANK),Kelantan,20,CA,17767.01
CUST_14iyK,CACC_SQfrKUb,28,CRAFT AND RELATED TRADES WORKERS,Perak,232,SA,343358.13
CUST_9WbtR,CACC_KmYdGwP,50,ACCOUNTANT,WP Labuan,231,SA,540902.55
CUST_OG46L,CACC_VrzfPxX,77,ACTORS,Pahang,86,SA,235173.61
CUST_YO4OV,CACC_4V8RM56,60,VOCATIONAL EDUCATION TEACHERS,WP Labuan,219,CA,742343.72
CUST_vfFyk,CACC_TUhM4a4,57,NON-EXECUTIVE,Selangor,151,SA,299453.35
CUST_rxIlz,CACC_JVcgzfQ,86,"OTHER COMMUNITY, SOCIAL & PERSONAL",Pahang,81,CA,874326.93
CUST_qTRvi,CACC_zJUZWaa,23,PENSIONER,Pahang,19,SA,791995.23
CUST_ZVGJ2,CACC_oDinozg,62,SECRETARY,Terengganu,108,SA,994702.28
CUST_skubu,CACC_eEg7F7t,52,IT SPECIALIST,Sabah,65,SA,902563.71
CUST_0MgVz,CACC_WuU44Dm,34,SECRETARY,Perlis,48,CA,101983.97
CUST_XVjio,CACC_UgAmo3p,60,PHARMACISTS,Terengganu,80,SA,512780.79
CUST_NFaEy,CACC_XCNceZX,94,RENTAL OF PERSONAL AND HOUSEHOLD GOODS,Melaka,13,SA,103092.38
CUST_1OANN,CACC_dNZYhZM,96,MANAGERS,Kedah,17,CA,65623.88
CUST_o66fO,CACC_dbA6Lpm,98,COOKS,Negeri Sembilan,126,SA,51055.39
CUST_JVxDE,CACC_LXySDj9,38,SHIPS DECK OFFICERS AND PILOTS,Kelantan,154,CA,60622.4
CUST_EElGd,CACC_C4n4E8H,90,"LIBRARIANS, ARCHIVISTS AND CURATORS",Perak,53,SA,394186.36
CUST_TNwoO,CACC_tVKyCvz,37,HUMAN HEALTH AND SOCIAL WORK ACTIVITIES,Perak,40,CA,112159.16
CUST_LzUeT,CACC_4ZID4CQ,47,STEWARD/STEWARDESS,Melaka,5,CA,489553.06
CUST_yogr8,CACC_wOIz5og,55,STUDENT,Pahang,101,CA,780603.08
CUST_jxliA,CACC_BwEcpGw,52,"MUSIC, ARTS AND PERFORMING ARTS TEACHERS",Perlis,66,CA,242558.6
CUST_c9zqs,CACC_Sv4d9iZ,39,OTHER NON-SCHEDULED PASSENGER LAND,Perlis,208,SA,228330.05
CUST_IlFyn,CACC_DiWTR5Q,76,FINANCIAL AND INVESTMENT ADVISERS,Negeri Sembilan,224,CA,460823.53
CUST_FEHiV,CACC_wbXRtGJ,14,STEWARD/STEWARDESS,Sabah,50,CA,47469.28
CUST_55AMt,CACC_bg9r13N,38,"FORESTRY, LOGGING AND RELATED SERVI",Kedah,221,CA,188403.14
CUST_VtW3h,CACC_1OdzLq0,10,SHIP ENGINEER,Kedah,41,CA,620187.27
CUST_WGyNU,CACC_mdnPMVx,52,"OTHER COMMUNITY, SOCIAL & PERSONAL",Kelantan,139,CA,849450.39
CUST_Bn97e,CACC_b4gVj7Q,63,CHILDREN BELOW AGE,Kedah,71,SA,619157.17
CUST_I7tPs,CACC_y9gefHW,51,ENGINEERING PROF(INCL ELECTROTECHNO,WP Labuan,187,SA,254338.06
CUST_tFHS4,CACC_1kTaNvr,86,TECHNICIAN,WP Labuan,136,CA,603464.11
CUST_rNF1k,CACC_mte1eam,91,ACADEMICIANS,Kelantan,90,SA,318467.28
CUST_vwDrA,CACC_7y5Tnl9,83,"MINING,MANUFACTURING & CONSTRUCTION PROF",Sarawak,31,SA,216434.06
CUST_ovCe9,CACC_5JYB4cS,56,OTHER SERVICE ACTIVITIES,Terengganu,79,SA,29931.79
CUST_LGz3n,CACC_u2G2eQI,17,CONSULTANT,Pulau Pinang,95,CA,165571.21
CUST_gnwiK,CACC_8JUtzmq,69,"RECREATIONAL, CULTURAL AND SPORTING",WP KL,172,CA,317221.46
CUST_FQdKh,CACC_bby1CRD,76,SERVICE MANAGER,WP Labuan,39,SA,126113.74
CUST_DwuJ7,CACC_mVBLN0S,79,"FORESTRY, LOGGING AND RELATED SERVI",Sabah,168,CA,507341.97
CUST_JSbSn,CACC_XddfyxG,25,SERVICE MANAGER,WP Putrajaya,67,CA,16678.14
CUST_qrYQg,CACC_VZ31zJW,59,OPTOMETRISTS AND OPHTHALMIC OPTICIANS,Selangor,142,CA,897312.47
CUST_tuvwN,CACC_2Tkij7S,21,EXECUTIVE,WP Labuan,102,SA,621829.85
CUST_Oljmu,CACC_S7gwQkG,26,HOUSEHOLD,Sabah,16,CA,294825.72
CUST_gIokY,CACC_pzc21MV,63,ENGINEER,Terengganu,235,SA,18258.73
CUST_DKsp5,CACC_A5oCayC,14,RENTING OF MACHINERY&EQUIPMENT W/O,Melaka,59,SA,253739.14
CUST_MgN8C,CACC_lvIPFP6,88,EXTRA-TERRITORIAL ORGANISATIONS AND,Terengganu,48,SA,396226.88
CUST_B3wlR,CACC_D0dU0sd,77,OTHER AGRICULTURE,Perlis,176,SA,758446.39
CUST_AvstF,CACC_xadMg2e,61,PROFESSIONAL GOV SOCIAL BENEFIT OFF,WP Putrajaya,40,CA,514631.59
CUST_NuErG,CACC_CJcxPu2,94,SECONDARY EDUCATION TEACHERS,Kedah,192,CA,408020.63
CUST_OhPCz,CACC_IsdB7TZ,56,WAITER/WAITRESS,Kelantan,187,SA,395067.74
CUST_JoJo3,CACC_7Sz5WOG,24,SYSTEM ANALYSTS,Perlis,40,CA,178523.92
CUST_Og1nn,CACC_qR6qyZi,96,SYSTEM ANALYSTS,Melaka,222,SA,912591.49
CUST_KFVOd,CACC_6snW60H,31,NON-EXECUTIVE,Pulau Pinang,115,SA,878377.9
CUST_BkoC4,CACC_lpArvlh,76,CARTOGRAPHERS AND SURVEYORS,Pulau Pinang,102,SA,741742.24
CUST_HobJz,CACC_H0qn8Mr,68,CONSULTANT,Selangor,189,SA,104704.64
CUST_ErIh6,CACC_DvEeuhD,61,PHARMACIST,WP Labuan,170,SA,798117.63
CUST_Rlqt5,CACC_fMWBqEd,55,GENERAL WORKER,Kedah,53,CA,23237.78
CUST_mr1kF,CACC_glrJDPh,76,MEDICAL DOCTOR,WP Putrajaya,238,CA,719340.6
CUST_0FW0D,CACC_t0w9eg8,93,EDITOR/WRITER,Terengganu,98,SA,608780.25
CUST_V3Zk3,CACC_0whZdZd,38,DENTISTS,Selangor,95,CA,601814.58
CUST_fdYOb,CACC_7dlOtPu,61,WAITER/WAITRESS,Perlis,115,CA,377268.26
CUST_L258b,CACC_k6kyeKT,27,"SKILLED AGRICULTURAL, FORESTRY, LIVESTOCK AND FISHERY WORKERS",Pulau Pinang,186,CA,162955.21
CUST_pniA1,CACC_SLjNJ0m,37,SYSTEM ANALYSTS,Kedah,85,CA,243672.39
CUST_9RORN,CACC_CivQmFQ,95,RELIGIOUS TEACHERS,Kelantan,116,SA,881047.95
CUST_JRRhv,CACC_synPYe5,40,HOUSEHOLD,Perlis,52,SA,522060.1
CUST_RszgN,CACC_7qg6U21,26,SELF-EMPLOYED,Perlis,112,CA,45268.6
CUST_f2c4r,CACC_sqCrmtb,10,LAWYER/SOLICITOR,Kelantan,231,CA,495557.01
CUST_5ZeQN,CACC_xqrFBpD,68,EDITOR/WRITER,Kelantan,60,CA,294844.47
CUST_u0mGL,CACC_2YlHsf3,38,ARCHITECT,Pahang,211,SA,984570.15
CUST_sFm5w,CACC_O3cMU4Q,91,LANGUAGE TEACHERS,WP Putrajaya,88,SA,71914.96
CUST_o5PZE,CACC_Ej7W5Z9,46,"FORESTRY, LOGGING AND RELATED SERVI",WP Putrajaya,76,CA,97068.19
CUST_eTXVj,CACC_qjyhxrS,59,SHIP ENGINEER,WP KL,180,SA,542410.17
CUST_ps951,CACC_MP5HRNv,56,ENGINEERING PROF(INCL ELECTROTECHNO,Kelantan,64,CA,851947.96
CUST_tXluN,CACC_ZseDYSt,24,DOCTOR VETERINAR,Selangor,128,SA,296103.26
CUST_dcg0a,CACC_hIYzfCr,86,(BLANK),WP KL,100,CA,772375.75
CUST_n8TyI,CACC_uVHr4LV,78,GOVERNMENT SERVANT,Negeri Sembilan,147,SA,120743.27
CUST_F201D,CACC_VlIQPnf,30,AUDITOR,Sabah,28,CA,846493.89
CUST_Nl7iB,CACC_i4TxXvZ,33,LANGUAGE TEACHERS,Melaka,158,CA,449914.31
CUST_UP7IA,CACC_oOKLpbd,26,"OTHER COMMUNITY, SOCIAL & PERSONAL",WP Labuan,172,CA,874587.68
CUST_2JteN,CACC_V18b0wR,86,FIRE FIGHTER,Pulau Pinang,131,SA,248481.56
CUST_9WzCk,CACC_IHXcJZE,39,"OTHER COMMUNITY, SOCIAL & PERSONAL",Pahang,43,CA,888000.03
CUST_IDRCs,CACC_KxNfNAP,94,PENSIONER,Sarawak,82,SA,490658.85
CUST_uVvac,CACC_Fpxzq31,50,RELIGIOUS PROFESSIONALS,Pulau Pinang,131,SA,131841.66
CUST_cRNHo,CACC_PmsI0Dx,49,"SKILLED AGRICULTURAL, FORESTRY, LIVESTOCK AND FISHERY WORKERS",Kelantan,48,SA,482082.56
CUST_A0bbt,CACC_yg3ls1u,85,SCHEDULED AIR TRANSPORT,Melaka,43,CA,207796.48
CUST_nT6sI,CACC_cIW4itn,59,ENGINEERING PROF(INCL ELECTROTECHNO,Negeri Sembilan,211,CA,119041.42
CUST_UQHHY,CACC_Iau3uLO,24,SEAMSTRESS,Kedah,80,SA,465067.63
CUST_feFZ4,CACC_c592wwy,64,MFR OF WOOD&PRODS OF WOOD&CORK EXCE,Perak,129,SA,187320.22
CUST_cWVwO,CACC_36nAgtO,85,ACADEMICIANS,Melaka,198,SA,468812.42
CUST_P0flk,CACC_VyAgOnx,76,"MUSIC, ARTS AND PERFORMING ARTS TEACHERS",Melaka,200,SA,341452.93
CUST_HZrHV,CACC_f5I2rg3,60,GOVERNMENT SERVANT,WP Labuan,85,CA,622746.47
CUST_Wog6D,CACC_SSRtdFG,81,SELF-EMPLOYED,Sarawak,155,SA,212033.42
CUST_Rvqnf,CACC_H7270VV,28,RECEPTIONIST,Perlis,108,CA,2408.54
CUST_bAdCh,CACC_djfTlHB,67,POLICE OFFICERS,WP Putrajaya,71,CA,62156.9
CUST_FSFSW,CACC_1iUpbc5,45,"FINANCE, INSURANCE, REAL ESTATE AND",Sarawak,35,CA,632319.58
CUST_vMx6Q,CACC_Rfwl1qE,23,CHILDREN BELOW AGE,Pulau Pinang,41,SA,319224.58
CUST_dIya5,CACC_zqw5zKu,47,"RECREATIONAL, CULTURAL AND SPORTING",Sabah,113,CA,599735.39
CUST_kC8nL,CACC_jPlolac,69,CLERK,Perlis,149,SA,342779.37
CUST_cMKNR,CACC_4qsQJxW,60,MANAGING DIRECTORS AND CHIEF EXECUTIVES,Kelantan,165,SA,40349.71
CUST_EVnvm,CACC_pkdkkfC,86,ACADEMICIANS,Perak,73,SA,749643.66
CUST_Wd2OO,CACC_FPhCS3c,34,OPTOMETRISTS AND OPHTHALMIC OPTICIANS,Perak,130,SA,302550.03
CUST_oFtO4,CACC_QF1hsj7,69,"SKILLED AGRICULTURAL, FORESTRY, LIVESTOCK AND FISHERY WORKERS",WP Putrajaya,173,CA,738536.86
CUST_tyVRu,CACC_8UZY9Qz,45,"MANUFACTURE OF WEARING APPAREL, DRE",WP Labuan,137,CA,508983.26
CUST_5gPKL,CACC_2w4QRXq,74,"RECREATIONAL, CULTURAL AND SPORTING",WP Labuan,82,CA,647107.09
CUST_q4jLS,CACC_vSPPyRT,46,ENGINEER,Sabah,101,CA,125894.44
CUST_diXZt,CACC_I2SYoT4,49,TANNING&DRESSING OF LEATHER;MFR OF,Kelantan,81,SA,655552.19
CUST_Y1OSu,CACC_BLKy4hA,75,MANUFACTURE OF TEXTILES,Pahang,9,SA,197890.07
CUST_UK6p8,CACC_9xvwbv7,39,ENGINEERING PROF(INCL ELECTROTECHNO,Sarawak,226,SA,246755.71
CUST_OA2q8,CACC_rz1Kstq,92,MANUFACTURE OF TEXTILES,Melaka,35,SA,138740.63
CUST_XICOi,CACC_48J17xX,34,SECTOR N.E.C,Pahang,71,SA,910335.88
CUST_yAKhb,CACC_hmciIEZ,76,RELIGIOUS TEACHERS,WP Putrajaya,132,SA,952927.18
CUST_A2iDN,CACC_hnkL6Dk,73,HOSPITALITY & REL SERVICES PROFESSI,Terengganu,180,CA,625515.61
CUST_YMQJT,CACC_eimjgBr,15,"SALES, MARKETING & PUBLIC RELATIONS",Sabah,235,SA,685459.18
CUST_fEEna,CACC_5IsigN7,45,"MINING,MANUFACTURING & CONSTRUCTION PROF",Kedah,132,CA,875120.1
CUST_ZiAEH,CACC_PfPzVrT,96,LANGUAGE TEACHERS,Pulau Pinang,109,CA,853998.98
CUST_O9iO0,CACC_POWHpiO,94,VOCATIONAL EDUCATION TEACHERS,Pahang,207,SA,489875.27
CUST_rBT7B,CACC_yfy5BNj,49,TRANSPORT VIA RAILWAYS (MRS),WP KL,83,SA,912680.57
CUST_dC6fP,CACC_Z5fkJwT,31,SCHEDULED AIR TRANSPORT,WP Labuan,79,SA,978206.61
CUST_KiwiC,CACC_Wa2MB2w,11,AIRCRAFT PILOTS & RELATED PROFESSIONALS,WP Putrajaya,185,CA,480659.57
CUST_Hwlx7,CACC_be6bTif,78,EXTRA-TERRITORIAL ORGANISATIONS AND,Perak,170,CA,644854.71
CUST_jvgmG,CACC_RJOYVSa,67,MANAGERS,Pahang,65,CA,410041.39
CUST_osIfw,CACC_eF5aMan,62,SECTOR N.E.C,Negeri Sembilan,160,SA,860583.86
CUST_tZk6H,CACC_whKzXUh,61,ENGINEERING PROF(INCL ELECTROTECHNO,Pulau Pinang,6,CA,797531.08
CUST_lX8OS,CACC_wOyWdzm,40,EDUCATION,WP KL,60,CA,774358.47
CUST_VdyxS,CACC_bPgwbH7,64,SERVICE AND SALES WORKERS,Kelantan,97,CA,192671.56
CUST_0mu7Z,CACC_6dUBvj0,99,PILOT,Melaka,11,CA,619706.56
CUST_wljvc,CACC_amk2PD0,88,WAITER/WAITRESS,Pahang,236,SA,138083.72
CUST_cxz3f,CACC_g1DQeUj,16,IT SPECIALIST,Sarawak,63,CA,884860.57
CUST_CzjxN,CACC_NVxwPjQ,30,MANUFACTURE OF TEXTILES,Perak,31,SA,176438.74
CUST_HtQaq,CACC_USkqfJ8,84,"PUBLIC ADMINISTRATION & DEFENSE,",Perak,124,SA,500816.07
CUST_2403f,CACC_wPwWCjA,36,SYSTEM ANALYSTS,Sarawak,159,CA,999421.97
CUST_lbVed,CACC_zf0xC3h,99,STUDENT,Perlis,30,CA,727870.51
CUST_yJsHO,CACC_6avvoga,20,ACTORS,Pahang,80,CA,424834.45
CUST_d8M3k,CACC_8McX6zW,51,MEDICAL DOCTOR,Kedah,92,SA,353402.36
CUST_qEOIg,CACC_03cLShl,39,SECRETARY,Sabah,201,SA,416724.33
CUST_vFeuT,CACC_8fr24p1,83,NURSE,Pahang,60,SA,801409.29
CUST_KXo1V,CACC_eoVe4VK,25,PRODUCTION AND MANUFACTURING MANAGERS,Negeri Sembilan,215,CA,879080.87
CUST_RYodX,CACC_wVcc6PN,22,SEAMSTRESS,Kelantan,81,CA,533886.63
CUST_Q3pF6,CACC_JpERu0u,35,TEACHER/LECTURER,Perlis,17,CA,436373.03
CUST_sNGJM,CACC_vlnZ3k8,10,SHIPS DECK OFFICERS AND PILOTS,Sarawak,28,CA,652292.38
CUST_4zzX6,CACC_CzMJoVK,77,TANNING&DRESSING OF LEATHER;MFR OF,Pulau Pinang,44,CA,860814.89
CUST_uelDN,CACC_Y4l7Ou5,23,PERSONAL SERVICES WORKERS NOT ELWHE,WP KL,135,SA,819217.96
CUST_25yR8,CACC_rbg10mq,13,EXECUTIVE,Perak,98,SA,257526.21
CUST_LATHA,CACC_jGkKNT8,76,VOCATIONAL EDUCATION TEACHERS,Sarawak,52,SA,750290.96
CUST_dKkUU,CACC_e6OXUhr,74,"FINANCE, INSURANCE, REAL ESTATE AND",Pahang,91,CA,208458.5
CUST_G1N36,CACC_vlCIO8q,29,CARTOGRAPHERS AND SURVEYORS,Sarawak,231,CA,86073.75
CUST_xrijB,CACC_n6jiQnW,40,MANAGING DIRECTORS AND CHIEF EXECUTIVES,Melaka,46,CA,398566.77
CUST_MrhRq,CACC_IYcLCN7,84,"LIBRARIANS, ARCHIVISTS AND CURATORS",WP Putrajaya,206,CA,653574.47
CUST_whsdT,CACC_x4eG8IE,26,SALES WORKERS NOT ELSEWHERE CLASSIF,WP Labuan,97,CA,975598.09
CUST_jIjUU,CACC_pDuSTN6,88,SCHEDULED AIR TRANSPORT,WP Labuan,112,CA,220875.84
CUST_ClYOk,CACC_V68CX9j,52,PROFESSIONAL POLICE INSPECTOR & DET,WP Putrajaya,73,CA,566464.01
CUST_2GnOd,CACC_iVgeohZ,76,FIRE FIGHTER,Selangor,95,SA,710561.72
CUST_fNQMx,CACC_8553NPm,51,STUDENT,Perlis,16,SA,486243.46
CUST_3D7Um,CACC_t5IOPUq,64,EXTRA-TERRITORIAL ORGANISATIONS AND,Negeri Sembilan,73,CA,757934.53
CUST_oRooq,CACC_r8UPSms,19,TANNING&DRESSING OF LEATHER;MFR OF,Pulau Pinang,137,CA,270769.69
CUST_ARYp3,CACC_S5lQnFv,44,EDUCATION,Perlis,43,CA,564138.73
CUST_CwmJ0,CACC_lrptu7p,67,OTHER AGRICULTURE,WP KL,20,CA,212355.91
CUST_P6Upz,CACC_ZP0n8Q4,10,RENTING OF MACHINERY&EQUIPMENT W/O,WP Labuan,187,SA,172043.16
CUST_ndaLY,CACC_2PUy1tU,85,AUDITOR,Kelantan,115,SA,935548.39
CUST_Zix32,CACC_fDqQMgZ,52,LAWYER/SOLICITOR,Kedah,85,CA,585812.75
CUST_DBUsb,CACC_3OPSZKE,51,RELIGIOUS TEACHERS,Pahang,165,CA,99247.05
CUST_LFutT,CACC_gQKyE9Z,29,OTHER SERVICE ACTIVITIES,Negeri Sembilan,29,CA,176220.69
CUST_KFzju,CACC_SPBj7hi,17,EDUCATION,Terengganu,208,CA,360822.61
CUST_3b9wL,CACC_2IcNiFk,38,"OTHER COMMUNITY, SOCIAL & PERSONAL",Kedah,128,CA,264880.7
CUST_c0jlQ,CACC_ZbhUdCW,93,LANGUAGE TEACHERS,Perak,53,SA,929673.65
CUST_OWnQJ,CACC_kUmcjLT,89,"LIBRARIANS, ARCHIVISTS AND CURATORS",Kelantan,182,CA,115414.91
CUST_sxn5j,CACC_8F1AVZI,51,EXTRA-TERRITORIAL ORGANISATIONS AND,Perak,33,CA,754296.09
CUST_UHx0m,CACC_5Pcmg5q,86,GENERAL OFFICE CLERKS,WP KL,168,SA,996677.54
CUST_3bUPB,CACC_IhGFu7E,49,GOVERNMENT SERVANT,Negeri Sembilan,99,CA,948650.63
CUST_9VSEi,CACC_E9e1IqJ,39,EXECUTIVE,Selangor,221,SA,170424.16
CUST_vdBca,CACC_aScQV7L,82,ACTORS,Pahang,122,SA,970887.64
CUST_IbkAv,CACC_xap6myC,54,SCHEDULED AIR TRANSPORT,Pulau Pinang,195,CA,584794.23
CUST_S7v0i,CACC_kUxaM67,52,EDUCATION,Terengganu,80,CA,103373.15
CUST_qIznS,CACC_hBrYx5N,27,MOTOR VEHICLE MECHANICS AND REPAIRE,WP KL,12,SA,358736.92
CUST_SiHNe,CACC_I1SKBKx,70,OTHER SERVICE ACTIVITIES,Perak,106,SA,926776.71
CUST_NWSdH,CACC_iVIZDdc,66,MOTOR VEHICLE MECHANICS AND REPAIRE,WP Labuan,177,CA,329329.53
CUST_SDPZS,CACC_fttnhnn,34,COOKS,WP Putrajaya,139,CA,658787.53
CUST_dHBcA,CACC_Ym4fR5Z,51,HEALTH AND SOCIAL WORK,Selangor,92,CA,345796.23
CUST_sP8p5,CACC_Hd7Stvk,16,DOCTOR VETERINAR,Perlis,27,CA,723141.49
CUST_MMqeo,CACC_PlrwYjT,24,MFR OF WOOD&PRODS OF WOOD&CORK EXCE,Pulau Pinang,208,CA,562716.14
CUST_OxCod,CACC_UUIgscr,78,MANUFACTURE OF OTHER NON-METALLIC,Perlis,65,SA,927512.11
CUST_fSV3S,CACC_HMbEvcy,84,CLERICAL,Selangor,29,SA,52670.73
CUST_ImT4h,CACC_09JyM2l,69,PILOT,WP KL,97,CA,579019.63
CUST_BIByp,CACC_yqZtVUC,93,ACTORS,Kedah,150,CA,680450.76
CUST_A4End,CACC_6JWa2P9,92,COMPANY DIRECTOR,Kelantan,11,CA,852160.12
CUST_CzQyZ,CACC_8jVm0ZD,76,"OTHER COMMUNITY, SOCIAL & PERSONAL",Perlis,52,CA,5572.56
CUST_Ibe5o,CACC_WReQ2id,61,SECRETARY,WP Putrajaya,83,SA,373123.28
CUST_hR8ln,CACC_NdCP7s9,89,SHIPS DECK OFFICERS AND PILOTS,Selangor,18,CA,160672.25
CUST_DDLQe,CACC_Jt8nvsf,49,PHARMACIST,Melaka,122,CA,965419.41
CUST_uk6Zf,CACC_H2JGZYS,58,UNIVERSITY AND HIGHER EDUCATION TEACHER,WP Putrajaya,191,SA,187690.53
CUST_PsAJ9,CACC_fjAHpu4,93,RENTING OF MACHINERY&EQUIPMENT W/O,WP Putrajaya,212,SA,101196.06
CUST_LGWbu,CACC_rEmUbAr,43,MANUFACTURE OF TOBACCO PRODUCTS,WP KL,124,CA,564436.24
CUST_qtly4,CACC_8H0VQ4g,67,ACTORS,Sabah,148,SA,370047.37
CUST_EmmhS,CACC_Pbib5lq,48,EDUCATION,Perak,35,CA,794771.08
CUST_9aC0x,CACC_6lw84Ye,29,"RETAIL TRADE,EXCEPT OF MOTOR",Kelantan,72,SA,874346.82
CUST_waK2m,CACC_N5o8Fvu,37,TEACHER/LECTURER,Kedah,226,SA,463729.35
CUST_9KklO,CACC_6brbpNA,49,"PLANT AND MACHINE OPERATORS, AND ASSEMBLERS",Selangor,43,SA,376796.33
CUST_Vivyr,CACC_J5EBBSs,70,COMPUTER PROGRAMMER,Terengganu,37,CA,461781.02
CUST_xIjTj,CACC_3xNROuV,96,ELEMENTARY OCCUPATIONS,WP Labuan,55,CA,188555.46
CUST_a3wN3,CACC_plzf4AE,22,CHILDREN BELOW AGE,Pulau Pinang,48,CA,947325.06
CUST_28rpq,CACC_rF01KPb,27,"MANUFACTURE OF WEARING APPAREL, DRE",Negeri Sembilan,195,CA,80827.21
CUST_RVWbp,CACC_t0O3S2O,97,HOSPITALITY & REL SERVICES PROFESSI,Terengganu,238,SA,634271.01
CUST_vl6E9,CACC_cVGtYml,42,PHARMACISTS,Melaka,106,CA,534647.29
CUST_XSFj3,CACC_vhcpb1t,13,(BLANK),WP Putrajaya,117,SA,40495.19
CUST_6sCBY,CACC_96IWmBM,28,LANDSCAPE ARCHITECTS,Selangor,76,SA,45210.23
CUST_MMjm7,CACC_twcnGIM,91,ACCOUNTANTS,WP Putrajaya,184,SA,117592.63
CUST_RveS4,CACC_sZ1qEfW,35,TEACHER/LECTURER,Kedah,201,SA,534944.66
CUST_JmwQv,CACC_HCXuXQu,24,CLERK,WP Labuan,210,SA,397293.58
CUST_VbZSM,CACC_v7JnVXB,81,SALES WORKERS NOT ELSEWHERE CLASSIF,WP Putrajaya,19,CA,310723.12
CUST_1oBsO,CACC_nCMr3w0,97,COMPUTER PROGRAMMER,Melaka,126,CA,964376.76
CUST_3x1c3,CACC_TeLzdQx,27,GENERAL WORKER,Sabah,209,CA,830036.18
CUST_WCAfI,CACC_v0mUjv5,73,SERVICE MANAGER,WP Putrajaya,151,SA,943388.01
CUST_IOcrZ,CACC_3aGmrsp,66,SERVICE MANAGER,WP Labuan,192,CA,543541.25
CUST_so4WO,CACC_sFJ1Gms,59,REAL ESTATE ACTIVITIES,WP Labuan,55,SA,704867.84
CUST_89UI1,CACC_hxudTbT,78,LAWYER/SOLICITOR,Perak,112,SA,361662.87
CUST_rrnzB,CACC_RJ1JTqf,44,ADMINISTRATIVE ASSOCIATE PROFESSION,Pulau Pinang,31,CA,77528.34
CUST_366pn,CACC_mGaA2V0,61,SECRETARY,Sabah,110,CA,612259.79
CUST_tlPiM,CACC_GKGY8CP,93,EXECUTIVE,Kedah,79,CA,205899.21
CUST_5XxE5,CACC_3IiHI7I,35,ACTORS,WP KL,56,CA,936183.31
CUST_kdf0E,CACC_OPua8cF,56,OTH BIZ SERV N.E.C,WP Putrajaya,14,CA,49212.73
CUST_13aDx,CACC_53EEuul,41,"PUBLIC ADMINISTRATION & DEFENSE,",WP Labuan,19,CA,568612.86
CUST_w0DvG,CACC_R2TLllo,27,"SKILLED AGRICULTURAL, FORESTRY, LIVESTOCK AND FISHERY WORKERS",WP Labuan,66,SA,626026.96
CUST_QPMcc,CACC_slaOtny,81,RELIGIOUS TEACHERS,Perlis,193,SA,864150.42
CUST_fUxqo,CACC_bGtUQLW,65,EXTRA-TERRITORIAL ORGANISATIONS AND,WP Putrajaya,35,CA,90670.0
CUST_BaQ0K,CACC_LgfUNoY,52,PHYSICAL & ENGINEERING SCIEN TECHNICIANS,Perak,108,SA,378371.99
CUST_vezgv,CACC_XQgjZnm,95,VOCATIONAL EDUCATION TEACHERS,Sarawak,34,SA,182890.49
CUST_Nv6Kv,CACC_8PlCpz3,65,"SALES, MARKETING & PUBLIC RELATIONS",Melaka,159,CA,434816.27
CUST_LXvk9,CACC_DD5ygab,70,DENTIST,Negeri Sembilan,186,SA,168956.15
CUST_6WyMZ,CACC_BRUA2wt,74,WAITER/WAITRESS,Sarawak,49,SA,497697.94
CUST_OalX0,CACC_vREH3Qo,19,RELIGIOUS PROFESSIONALS,Perlis,12,SA,436723.82
CUST_P79N8,CACC_5HA2run,34,OPTOMETRISTS AND OPHTHALMIC OPTICIANS,Kelantan,119,SA,421823.89
CUST_i1zWZ,CACC_k6lJHQx,53,MFR OF WOOD&PRODS OF WOOD&CORK EXCE,Kelantan,178,SA,228044.98
CUST_EDkB4,CACC_KaEKmuo,74,"EDUCATION, HEALTH AND OTHERS",Terengganu,16,SA,469058.18
CUST_yGZHH,CACC_H1rz3gX,98,CHILDREN BELOW AGE,WP Labuan,71,CA,60424.79
CUST_oUvx2,CACC_8ZVRNEx,82,TANNING&DRESSING OF LEATHER;MFR OF,Sabah,157,SA,428227.05
CUST_owOZz,CACC_TPRPvgU,80,COOKS,Terengganu,50,SA,631102.34
CUST_3sPAY,CACC_4qqEJAQ,37,HEALTH AND SOCIAL WORK,Perak,161,SA,960590.9
CUST_M2Woq,CACC_K7GLpyx,70,LANDSCAPE ARCHITECTS,Pulau Pinang,146,CA,812141.75
CUST_GUTvz,CACC_CmjxEl3,43,BUILDING ARCHITECTS,Kedah,178,CA,215573.59
CUST_WXJJ2,CACC_Gaaw75d,51,RENTING OF MACHINERY&EQUIPMENT W/O,Sarawak,87,CA,198663.81
CUST_ad1HV,CACC_gSdk1ib,43,EXTRA-TERRITORIAL ORGANISATIONS AND,Kelantan,181,CA,272659.24
CUST_4cBgK,CACC_wCZ3qvS,90,COMPANY DIRECTOR,Kelantan,28,SA,154507.65
CUST_BC8VJ,CACC_6QiH9PS,35,RELIGIOUS TEACHERS,Pulau Pinang,73,CA,882837.28
CUST_PUukZ,CACC_rTzY4ea,57,"RECREATIONAL, CULTURAL AND SPORTING",Sarawak,44,SA,175263.05
CUST_yJXez,CACC_wlhAxHD,77,"SKILLED AGRICULTURAL, FORESTRY, LIVESTOCK AND FISHERY WORKERS",Sarawak,117,SA,273502.36
CUST_kB9ez,CACC_VB02UBs,23,TECHNICIAN,Pahang,95,CA,550284.67
CUST_34g7e,CACC_3XMiZVn,84,LANDSCAPE ARCHITECTS,Melaka,21,CA,782232.97
CUST_rJF33,CACC_YgF9wc9,53,HOSPITALITY & REL SERVICES PROFESSI,Sarawak,30,SA,448295.81
CUST_pEPk6,CACC_sbAzdZs,49,SHIP ENGINEER,Pahang,61,CA,176437.94
CUST_pDoCt,CACC_ERkU9kf,42,HUMAN HEALTH AND SOCIAL WORK ACTIVITIES,Perlis,86,CA,241003.02
CUST_qWVz9,CACC_7tfSV7u,91,FIRE FIGHTER,Melaka,79,CA,130977.24
CUST_CFGT3,CACC_4FeWix9,34,SECONDARY EDUCATION TEACHERS,Perak,170,CA,369335.91
CUST_yNqe4,CACC_PfPfiup,91,HUMAN HEALTH AND SOCIAL WORK ACTIVITIES,Selangor,185,CA,497982.06
CUST_o5Oyf,CACC_390PzVH,93,TRANSPORT VIA RAILWAYS (MRS),Terengganu,10,SA,998829.75
CUST_aX3qw,CACC_6rDxm1g,52,LANGUAGE TEACHERS,Perak,214,SA,791472.34
CUST_NqWUN,CACC_EoTW2VR,91,"SKILLED AGRICULTURAL, FORESTRY, LIVESTOCK AND FISHERY WORKERS",Perak,184,CA,15903.97
CUST_attAI,CACC_EOEUrna,62,LAWYER/SOLICITOR,Perlis,121,CA,568210.53
CUST_aaq90,CACC_NzpYNvm,46,ARCHITECT,Selangor,156,SA,108746.24
CUST_TFRU3,CACC_r9hhOsb,74,PHYSICAL & ENGINEERING SCIEN TECHNICIANS,Melaka,192,CA,994824.73
CUST_SSsoh,CACC_nWDUxCA,86,MANUFACTURE OF TEXTILES,WP Labuan,32,SA,314416.51
CUST_3VENo,CACC_nd5BjJB,21,"MANUFACTURE OF WEARING APPAREL, DRE",Sarawak,68,SA,938811.47
CUST_ecW2Z,CACC_tn8pZfp,64,PHARMACISTS,Pulau Pinang,239,SA,296370.0
CUST_hXfZz,CACC_nVdakvX,29,MANAGING DIRECTORS AND CHIEF EXECUTIVES,Negeri Sembilan,51,SA,949298.59
CUST_zTBES,CACC_QsBIW0V,15,ARCHITECT,Perak,19,SA,681361.34
CUST_cMtY6,CACC_5PZp3QG,70,ADMINISTRATIVE ASSOCIATE PROFESSION,Sarawak,46,CA,264785.24
CUST_Len6K,CACC_H1go4Wv,83,SEAMSTRESS,WP Labuan,186,CA,677740.84
CUST_TC2w6,CACC_a1Br67S,99,SHIP ENGINEER,Perak,60,SA,964522.43
CUST_QvpEp,CACC_K3vE2gi,34,COMPANY DIRECTOR,Negeri Sembilan,6,CA,432572.34
CUST_rBTCF,CACC_bKOLGEa,72,TECHNICIAN,Sarawak,188,SA,378380.18
CUST_ZJseJ,CACC_E545iV8,79,AIRCRAFT PILOTS & RELATED PROFESSIONALS,WP KL,203,CA,4405.35
CUST_5u6Zb,CACC_h9mn6Sp,61,DENTISTS,Pulau Pinang,239,SA,208077.27
CUST_f4pyz,CACC_rOWLNCv,13,AUDITOR,Perlis,177,SA,89133.1
CUST_BoPp5,CACC_neVvuvx,22,NURSE,Pulau Pinang,181,CA,188917.54
CUST_h6bTN,CACC_8t1ucNf,43,MANAGING DIRECTORS AND CHIEF EXECUTIVES,Melaka,138,CA,479469.13
CUST_ovwPn,CACC_O1GDnja,76,STEWARD/STEWARDESS,Perlis,156,SA,982988.87
CUST_KCGCK,CACC_OW7ptSt,72,ENGINEERING PROF(INCL ELECTROTECHNO,Perak,159,CA,923354.63
CUST_BK0z2,CACC_57fxiqE,16,TECHNICIAN,WP Putrajaya,177,CA,97878.22
CUST_ipXMa,CACC_OBq8qCo,77,OTHER SERVICE ACTIVITIES,Perlis,35,CA,185456.74
CUST_EM2WM,CACC_iBRu1KG,46,"FINANCE, INSURANCE, REAL ESTATE AND",Negeri Sembilan,73,CA,907614.13
CUST_ECm02,CACC_PD9oNEh,81,DOCTOR,WP KL,155,CA,274206.98
CUST_yZOrq,CACC_R08P9Q7,20,OTHERS,Pahang,36,CA,402107.59
CUST_MpRZ7,CACC_254syMl,94,RECEPTIONIST,Negeri Sembilan,100,SA,399255.38
CUST_o2rkv,CACC_5gIp1U5,33,PROFESSIONALS,Kelantan,43,SA,782926.98
CUST_iqO2q,CACC_eYqjeZo,67,"PUBLIC ADMINISTRATION & DEFENSE,",Negeri Sembilan,97,SA,851012.02
CUST_f9s3K,CACC_ThJbVw3,32,SHIPS DECK OFFICERS AND PILOTS,Kelantan,58,SA,867436.8
CUST_e588y,CACC_CE5Uov9,14,DOCTOR,Pahang,28,SA,759990.89
CUST_lqLC9,CACC_89oKVRI,64,EDUCATION,Kelantan,189,CA,728402.13
CUST_ykPCt,CACC_xrNLlmG,94,ACTORS,Perak,18,SA,527504.88
CUST_pSp2I,CACC_1RgLllF,98,AIRCRAFT PILOTS & RELATED PROFESSIONALS,Kedah,198,CA,287926.09
CUST_FzK22,CACC_b3KcYOc,77,ACCOUNTANT,Kelantan,237,CA,502924.65
CUST_uFBM5,CACC_uQ8JDSP,70,BUILDING ARCHITECTS,Perlis,142,SA,786912.69
CUST_lHdJ1,CACC_iaWJ7Lj,45,REAL ESTATE ACTIVITIES,WP Labuan,193,CA,736549.57
CUST_ONT1e,CACC_lfdJtNg,36,SYSTEM ANALYSTS,Negeri Sembilan,128,SA,795252.74
CUST_Tas5h,CACC_b8m2Iza,26,COOKS,WP Putrajaya,6,SA,917868.21
CUST_D30O7,CACC_8jKg0AD,24,ACADEMICIANS,Pulau Pinang,88,CA,473985.34
CUST_hftmp,CACC_sLpfcks,67,CLERK,WP Putrajaya,57,CA,412433.68
CUST_u2eMF,CACC_bOZ6oRn,65,TELECOMMUNICATION,Kelantan,72,SA,382844.88
CUST_VrGSl,CACC_6ZVgPFr,80,BANKER,WP Putrajaya,118,SA,301390.23
CUST_y09pa,CACC_DPzdykm,32,ARCHITECT,Negeri Sembilan,84,CA,658514.92
CUST_sDnPo,CACC_hZi2fGv,64,WAITER/WAITRESS,WP KL,228,CA,220235.88
CUST_ZZuOT,CACC_wjCS2fJ,92,PROFESSIONAL GOV SOCIAL BENEFIT OFF,Pahang,137,SA,55304.44
CUST_QVL0n,CACC_WtYBaDp,54,COOKS,Pulau Pinang,198,SA,30989.75
CUST_zGbvO,CACC_HhEf6CV,85,NURSE,Perak,228,SA,749730.78
CUST_JdV1D,CACC_XB94hrT,14,DOCTOR,Negeri Sembilan,128,SA,746093.37
CUST_zEJuh,CACC_7aYnoan,76,EDITOR/WRITER,Pahang,55,SA,779292.02
CUST_vVaFV,CACC_WFji047,57,MOTOR VEHICLE MECHANICS AND REPAIRE,Negeri Sembilan,192,CA,27279.42
CUST_Vwtnb,CACC_P2FFOUR,40,REAL ESTATE ACTIVITIES,Perak,172,CA,744020.32
CUST_4AJpg,CACC_8GBdv4X,67,RECEPTIONIST,Perlis,29,CA,449587.29
CUST_hdDjT,CACC_9oVsiDx,15,"EDUCATION, HEALTH AND OTHERS",Pahang,52,CA,811771.2
CUST_UMvfM,CACC_6SiM5VW,89,SELF-EMPLOYED,Pulau Pinang,234,SA,141113.2
CUST_MyOZt,CACC_WT6ZMEX,33,MFR OF WOOD&PRODS OF WOOD&CORK EXCE,Melaka,218,SA,332229.83
CUST_Akcv2,CACC_AKqsyaR,92,TANNING&DRESSING OF LEATHER;MFR OF,Melaka,73,CA,90092.39
CUST_cSMBa,CACC_96j33hS,26,SERVICE MANAGER,Pulau Pinang,21,CA,74150.28
CUST_LcrJp,CACC_zNizbRr,99,STUDENT,Kelantan,129,SA,580282.19
CUST_bWlRk,CACC_CMpnBMY,17,PHARMACIST,Kedah,153,CA,638503.68
CUST_CyCGk,CACC_QKNuY9M,89,RENTAL OF PERSONAL AND HOUSEHOLD GOODS,Perlis,226,SA,447448.01
CUST_8fHzc,CACC_k7bu0Wo,73,ENGINEER,Melaka,115,CA,796592.07
CUST_dWgyE,CACC_rthkgN0,25,SECRETARY,Negeri Sembilan,104,CA,246427.61
CUST_8oJpX,CACC_yRTJO5u,81,"MUSIC, ARTS AND PERFORMING ARTS TEACHERS",Sabah,82,SA,856423.99
CUST_L6CNr,CACC_ryXwiYK,71,EDITOR/WRITER,Kelantan,213,SA,307734.7
CUST_WwznV,CACC_UFY32JV,77,NON-EXECUTIVE,Perak,167,SA,295089.71
CUST_1pjPr,CACC_ltr9Ojb,91,ACADEMICIANS,Selangor,63,CA,554330.16
CUST_B769M,CACC_ryEPNDk,35,EXTRA-TERRITORIAL ORGANISATIONS AND,Perak,149,CA,135166.28
CUST_xZCy1,CACC_qi6aMz8,66,VOCATIONAL EDUCATION TEACHERS,Sabah,150,SA,682619.86
CUST_Mci0I,CACC_fcIbekj,64,CLERK,Sarawak,110,CA,86802.81
CUST_JtLlv,CACC_5cAItsF,46,OPTOMETRISTS AND OPHTHALMIC OPTICIANS,Negeri Sembilan,83,CA,742932.02
CUST_ABauX,CACC_J4A1EqS,79,HUMAN HEALTH AND SOCIAL WORK ACTIVITIES,WP KL,200,CA,760445.64
CUST_qUvPy,CACC_eaF4Dim,59,REAL ESTATE ACTIVITIES,Perlis,132,CA,619757.42
CUST_pTGRi,CACC_g9EZM3E,74,RECEPTIONIST,WP Labuan,121,SA,602036.76
CUST_jqYsU,CACC_78HahoO,57,OPTOMETRISTS AND OPHTHALMIC OPTICIANS,Sarawak,33,CA,515735.87
CUST_lvAm4,CACC_6X7btfk,70,LAWYER/SOLICITOR,Perlis,222,CA,468373.7
CUST_P0cLo,CACC_IUJuqW2,54,MFR OF WOOD&PRODS OF WOOD&CORK EXCE,WP Putrajaya,126,CA,180966.34
CUST_k4nxg,CACC_hnM9GGv,48,NON-EXECUTIVE,Melaka,27,SA,432002.47
CUST_bIPPN,CACC_bE6QrGR,10,(BLANK),Sarawak,132,SA,32245.87
CUST_fqKuf,CACC_hxpKg8O,29,DENTISTS,WP Putrajaya,41,CA,167448.26
CUST_qg83a,CACC_OPTTGON,94,"MANUFACTURE OF WEARING APPAREL, DRE",Terengganu,51,CA,641597.17
CUST_BkquV,CACC_Q4Xrgkk,37,OTHER SERVICE ACTIVITIES,Pahang,184,CA,905801.27
CUST_QjtVO,CACC_DQOQgCT,30,PILOT,Perlis,41,SA,849745.22
CUST_Uq4UU,CACC_nlMnqTh,42,OPTOMETRISTS AND OPHTHALMIC OPTICIANS,WP KL,57,SA,250508.04
CUST_bqBYv,CACC_LV19eo5,35,SYSTEM ANALYSTS,Negeri Sembilan,155,SA,993523.17
CUST_DY4PG,CACC_NaZVTto,10,ACADEMICIANS,Kelantan,129,CA,859984.55
CUST_UoME0,CACC_PvIFROA,67,"MANUFACTURE OF WEARING APPAREL, DRE",WP Labuan,81,CA,528588.87
CUST_gHgKa,CACC_p6pQqTN,70,"RETAIL TRADE,EXCEPT OF MOTOR",Negeri Sembilan,76,SA,985622.54
CUST_RpcAn,CACC_49qUgK5,49,SALES WORKERS NOT ELSEWHERE CLASSIF,WP Putrajaya,221,SA,798468.5
CUST_EOMUH,CACC_HUk3yIo,96,PERSONAL SERVICES WORKERS NOT ELWHE,Kedah,80,SA,560821.3
CUST_rOTmm,CACC_DTOmMbC,59,MANAGING DIRECTORS AND CHIEF EXECUTIVES,Perlis,140,SA,408382.19
CUST_iXklI,CACC_uhz6Nxi,71,FIRE FIGHTER,WP KL,83,CA,127313.24
CUST_OrE6X,CACC_io5HWAj,39,PHARMACISTS,Melaka,130,SA,446337.71
CUST_qXkL2,CACC_0Nqs19k,15,PHYSICAL & ENGINEERING SCIEN TECHNICIANS,Kelantan,184,SA,21253.9
CUST_BOHF0,CACC_tXNnTpn,59,ACTORS,Pahang,31,CA,655907.27
CUST_EUNtB,CACC_dH6yo3L,90,HOUSEHOLD,Sabah,20,CA,581769.13
CUST_l1kg0,CACC_CYK8TiO,14,DENTIST,Kedah,10,SA,155481.58
CUST_QekSK,CACC_mf5Ndyk,56,BANKER,Negeri Sembilan,109,SA,71889.96
CUST_lJICa,CACC_LVgAqTL,49,COOKS,WP KL,152,SA,11115.57
CUST_k953J,CACC_BopiX1u,59,CLERICAL,Selangor,218,CA,150124.57
CUST_BWKPo,CACC_PiPXHdS,59,AUDITOR,Negeri Sembilan,195,SA,724844.34
CUST_MvT2g,CACC_M6BCUJV,27,RENTING OF MACHINERY&EQUIPMENT W/O,WP Putrajaya,229,SA,300341.88
CUST_7iGwT,CACC_kZDF8Y4,54,SEAMSTRESS,Perlis,187,CA,224493.45
CUST_3eENK,CACC_ut6Xzb9,76,GOVERNMENT SERVANT,Kelantan,88,CA,18535.96
CUST_WHv8j,CACC_rycBEz6,74,VOCATIONAL EDUCATION TEACHERS,Perak,133,SA,610443.07
CUST_WT8iB,CACC_AojTqtL,66,PHARMACIST,Perlis,196,CA,102887.42
CUST_U7ca9,CACC_Vf3ND0L,74,OTH BIZ SERV N.E.C,Perlis,151,SA,245641.48
CUST_lg3y4,CACC_EHp2aPT,26,GOVERNMENT SERVANT,WP KL,57,SA,413988.93
CUST_qQE0d,CACC_S62QL67,50,UNIVERSITY AND HIGHER EDUCATION TEACHER,Melaka,37,SA,925694.1
CUST_vdFlI,CACC_XoYSGXU,49,RELIGIOUS TEACHERS,Terengganu,224,SA,924969.98
CUST_Ew7FA,CACC_2qG0Dn4,11,ELEMENTARY OCCUPATIONS,WP Putrajaya,125,CA,763042.99
CUST_Ua5TQ,CACC_9a5RTOc,74,MFR OF WOOD&PRODS OF WOOD&CORK EXCE,Melaka,218,CA,550368.47
CUST_Bn9ia,CACC_MdlC6b9,97,COMPUTER PROGRAMMER,Kelantan,20,SA,613866.87
CUST_IT6Av,CACC_AlYaojy,94,LANGUAGE TEACHERS,Perlis,103,SA,153664.42
CUST_UCgmO,CACC_HhYxAYL,61,MANUFACTURE OF TEXTILES,Sarawak,172,CA,729807.79
CUST_HMkfF,CACC_7iIIflz,26,SHIPS DECK OFFICERS AND PILOTS,Perlis,116,SA,312283.05
CUST_uXy8q,CACC_H6fdg2E,55,RECEPTIONIST,WP Putrajaya,35,SA,369051.65
CUST_SUW9B,CACC_m0UAGag,97,MANAGING DIRECTORS AND CHIEF EXECUTIVES,Pulau Pinang,56,SA,942574.14
CUST_Kvprw,CACC_tBTH29h,51,ELEMENTARY OCCUPATIONS,Sarawak,28,CA,859575.18
CUST_sVh2A,CACC_J9oXIZf,69,DOCTOR VETERINAR,Melaka,206,SA,618698.75
CUST_oWKVl,CACC_B5nFQrk,31,LAWYER/SOLICITOR,WP Labuan,34,CA,692957.3
CUST_w2ytt,CACC_ROHWdbj,67,ACADEMICIANS,Selangor,40,CA,674227.77
CUST_EWD8T,CACC_fqsBa4b,17,STEWARD/STEWARDESS,Pulau Pinang,78,CA,475358.09
CUST_cfK8Q,CACC_cg662xl,77,FIRE FIGHTER,Melaka,72,SA,845714.83
CUST_83Efr,CACC_cWb3Fuq,40,CONSULTANT,Perlis,79,SA,446444.85
CUST_095E9,CACC_rQIAzsL,82,SCHEDULED AIR TRANSPORT,Negeri Sembilan,158,CA,885104.48
CUST_MrQTy,CACC_uYChZbv,20,"PLANT AND MACHINE OPERATORS, AND ASSEMBLERS",Perlis,71,CA,152774.86
CUST_CClMe,CACC_HnqlDzz,26,"PLANT AND MACHINE OPERATORS, AND ASSEMBLERS",Kelantan,16,SA,139873.61
CUST_jhAhF,CACC_1HxKThg,35,MEDICAL DOCTOR,Perak,167,CA,521924.25
CUST_GgjFy,CACC_ijVveOD,34,HOUSEHOLD,Perak,12,SA,373780.63
CUST_Ai90v,CACC_yNw9wEg,65,VOCATIONAL EDUCATION TEACHERS,Terengganu,184,CA,13875.98
CUST_dSCXg,CACC_zC8lkXu,50,TECHNICIAN,Pulau Pinang,112,CA,810321.53
CUST_jc4AV,CACC_4cC9wJe,45,PENSIONER,Pulau Pinang,204,SA,593556.24
CUST_0f8uT,CACC_jC1tjWm,23,PRIMARY SCHOOL & EARLY CHILDHOOD TEACHERS,Terengganu,126,SA,421338.0
CUST_jG79i,CACC_Nr9v7No,41,AIRCRAFT PILOTS & RELATED PROFESSIONALS,Kelantan,27,SA,942410.01
CUST_YRYGG,CACC_LaOhsCD,39,PRIMARY SCHOOL & EARLY CHILDHOOD TEACHERS,WP Putrajaya,146,CA,284879.11
CUST_scBpc,CACC_6yuOVQ5,78,ARCHITECT,Sarawak,123,SA,929169.72
CUST_tE4Jg,CACC_xPjWJSt,98,ACTORS,Sarawak,14,CA,547033.09
CUST_Yp86A,CACC_NcsUT8D,50,DOCTOR,Melaka,192,CA,987648.68
CUST_bKkVG,CACC_j3jJWR6,27,SECONDARY EDUCATION TEACHERS,Kelantan,111,CA,323968.87
CUST_yFug6,CACC_SdYFVvp,85,PENSIONER,Perlis,40,SA,474929.35
CUST_zFVAm,CACC_rVKyOwv,11,EDUCATION,Negeri Sembilan,17,SA,265882.83
CUST_ESsOr,CACC_bI2Vsk7,95,COMPUTER PROGRAMMER,Perlis,15,CA,423712.76
CUST_1PjPM,CACC_G66IEhO,10,RECEPTIONIST,Sabah,123,SA,258909.75
CUST_T3rCs,CACC_LykQA2U,97,TELECOMMUNICATION,Perlis,176,SA,448307.53
CUST_amBRh,CACC_NwNfoOl,21,HOUSEHOLD,Perak,206,SA,530770.22
CUST_IKdSO,CACC_8nLbXTH,45,OTHER NON-SCHEDULED PASSENGER LAND,WP Putrajaya,58,CA,301470.5
CUST_7nZyf,CACC_jIShv0G,27,STUDENT,Perak,97,SA,680066.93
CUST_Rbeys,CACC_gOQY83f,28,"FINANCE, INSURANCE, REAL ESTATE AND",Melaka,124,SA,263549.08
CUST_BIqAL,CACC_t3zTy97,55,HEALTH AND SOCIAL WORK,Perak,87,CA,466562.61
CUST_qIk97,CACC_IP0aLzr,74,PROFESSIONAL POLICE INSPECTOR & DET,Pulau Pinang,28,SA,571993.43
CUST_grPH3,CACC_x34K2pt,33,NON-EXECUTIVE,Kedah,217,CA,39075.48
CUST_8pJey,CACC_FTBn7Mj,40,COMPANY DIRECTOR,Perlis,135,CA,238542.6
CUST_MkeEx,CACC_Vqd5gmi,71,FIRE FIGHTER,Pulau Pinang,35,CA,936913.6
CUST_TACUK,CACC_SEWBz3i,82,PHYSICAL & ENGINEERING SCIEN TECHNICIANS,Terengganu,40,SA,713615.25
CUST_XBVDS,CACC_K5D5SmE,71,OPTOMETRISTS AND OPHTHALMIC OPTICIANS,Perlis,85,SA,519215.32
CUST_NwMs9,CACC_yiSt8Xh,24,TANNING&DRESSING OF LEATHER;MFR OF,Perlis,189,CA,613148.11
CUST_VyGyP,CACC_JRNAqdm,41,SECONDARY EDUCATION TEACHERS,Kelantan,223,SA,39656.25
CUST_vUvIa,CACC_v9kVhxZ,33,PILOT,Kelantan,184,CA,273978.78
CUST_LqZNt,CACC_gXwNMfa,84,STUDENT,Pulau Pinang,70,CA,378683.07
CUST_CcUDd,CACC_1YVqIBk,27,ACCOUNTANT,Pulau Pinang,236,CA,327991.09
CUST_4qnFd,CACC_U2cqrOI,39,EXECUTIVE,Terengganu,10,CA,756673.76
CUST_21ZeG,CACC_kAWL9IO,28,RENTING OF MACHINERY&EQUIPMENT W/O,WP Putrajaya,87,SA,504268.93
CUST_oDIDJ,CACC_1cD0ocC,81,RELIGIOUS PROFESSIONALS,WP Labuan,79,CA,764780.21
CUST_uN3Wl,CACC_jLax7Vq,79,CONSULTANT,WP KL,118,SA,434405.81
CUST_gJCsr,CACC_wIqVAXl,20,ARCHITECT,Sabah,195,SA,929249.32
CUST_RccCW,CACC_VxO0bqk,37,CHILDREN BELOW AGE,Kelantan,223,SA,770113.71
CUST_wlmUu,CACC_cWs4miX,13,GENERAL WORKER,Pahang,159,CA,770209.93
CUST_odOh9,CACC_FvZKyeX,13,AIRCRAFT PILOTS & RELATED PROFESSIONALS,Sarawak,194,SA,856874.71
CUST_YfrMY,CACC_htyoUKo,41,GENERAL WORKER,Sarawak,70,SA,42553.71
CUST_N8eMA,CACC_V9UuZ5t,47,PROFESSIONAL POLICE INSPECTOR & DET,Perak,114,CA,392795.74
CUST_rvwmL,CACC_OBxouMU,86,PHARMACISTS,Kedah,212,CA,893753.75
CUST_kONS6,CACC_8j6g4Pk,34,SEAMSTRESS,Perak,183,CA,502561.8
CUST_Y9Wq1,CACC_ZdeAZdd,14,ACCOUNTANT,Perlis,65,CA,151886.55
CUST_05uFO,CACC_qgsa2sL,55,ARCHITECT,Pulau Pinang,148,SA,413466.9
CUST_7aWEB,CACC_HcVTeTm,53,TANNING&DRESSING OF LEATHER;MFR OF,WP Putrajaya,65,SA,784743.55
CUST_aSiYn,CACC_fzxl2li,97,CHILDREN BELOW AGE,WP Putrajaya,141,SA,142189.72
CUST_ahTN8,CACC_BVBpGxr,93,RELIGIOUS PROFESSIONALS,Selangor,45,CA,584203.73
CUST_XYe5G,CACC_1msiU96,83,"SALES, MARKETING & PUBLIC RELATIONS",Negeri Sembilan,44,SA,115274.53
CUST_TVu9w,CACC_v54tKJw,41,COMPANY DIRECTOR,Pulau Pinang,175,CA,597896.25
CUST_Mflse,CACC_3H7StLc,15,CLERICAL,WP KL,7,CA,512291.75
CUST_ySNnu,CACC_VLzxlXE,36,OTHERS,Kelantan,161,CA,937057.73
CUST_VeDw0,CACC_jhjsAoW,20,OTHERS,WP Labuan,66,CA,323333.56
CUST_Xwzjc,CACC_1N7X9xM,20,IT SPECIALIST,Pulau Pinang,174,CA,156375.69
CUST_hyPBl,CACC_lOjmdft,49,PROFESSIONAL GOV SOCIAL BENEFIT OFF,Kelantan,175,SA,455406.59
CUST_Ikp2P,CACC_TzsufVG,38,OTH BIZ SERV N.E.C,Negeri Sembilan,118,SA,87850.61
CUST_onTjN,CACC_hqCEXqm,93,AUDITOR,Kelantan,142,SA,947498.3
CUST_7FGYq,CACC_tcuS2hN,40,"SALES, MARKETING & PUBLIC RELATIONS",Pahang,88,SA,416220.06
CUST_2uOr4,CACC_EMgu16J,50,ACCOUNTANTS,Melaka,135,SA,253382.27
CUST_cLuju,CACC_UkkgBzG,52,LANDSCAPE ARCHITECTS,Terengganu,20,SA,653765.1
CUST_0ChaT,CACC_tLgAQXZ,13,GENERAL OFFICE CLERKS,Pulau Pinang,143,SA,94111.8
CUST_h5URm,CACC_eHDFYRF,81,SCHEDULED AIR TRANSPORT,WP Labuan,181,CA,136556.91
CUST_dSCGp,CACC_jMPGFmL,88,SHIPS DECK OFFICERS AND PILOTS,Pahang,226,CA,537218.93
CUST_4dMY3,CACC_Ff5xjar,52,CRAFT AND RELATED TRADES WORKERS,WP KL,19,CA,254623.86
CUST_osKJl,CACC_VwD9lzv,43,MANUFACTURE OF TEXTILES,Pulau Pinang,49,CA,261970.18
CUST_OdbRF,CACC_Rx4v9Iv,37,EXTRA-TERRITORIAL ORGANISATIONS AND,Pahang,96,CA,533952.24
CUST_TbW5X,CACC_3dMrjB3,41,OPTOMETRISTS AND OPHTHALMIC OPTICIANS,Sarawak,8,CA,587560.74
CUST_DbFOk,CACC_wy6OFLP,33,MFR OF WOOD&PRODS OF WOOD&CORK EXCE,Pahang,128,CA,793693.26
CUST_U3ImA,CACC_vyFe0XJ,91,HEALTH AND SOCIAL WORK,Kedah,172,CA,698348.58
CUST_nwxXK,CACC_FzfFUYo,58,ACADEMICIANS,WP KL,113,CA,562052.97
CUST_jiu5K,CACC_teJgOo4,18,STUDENT,Kelantan,171,SA,507726.23
CUST_SIpHm,CACC_twmIjvQ,17,"RECREATIONAL, CULTURAL AND SPORTING",WP KL,210,SA,612478.09
CUST_4qlBA,CACC_ByWgAB9,66,SALES WORKERS NOT ELSEWHERE CLASSIF,Sarawak,144,SA,869066.88
CUST_23KVa,CACC_lwxfSaO,14,PROFESSIONALS,Kelantan,136,SA,860359.86
CUST_MTthK,CACC_SzEnwJG,29,FIRE FIGHTER,Terengganu,120,CA,188185.42
CUST_2sbVS,CACC_fVW5zr6,90,ENGINEER,Sabah,171,CA,93673.59
CUST_CM7Up,CACC_DHQLIDE,28,CHILDREN BELOW AGE,WP Labuan,172,SA,199874.95
CUST_qBHbm,CACC_eJoyukF,34,MANAGERS,Melaka,234,CA,610560.95
CUST_A2ArN,CACC_gUrAnz2,73,NON-EXECUTIVE,Pahang,148,CA,39619.67
CUST_roCBG,CACC_uIiUjH5,16,"RECREATIONAL, CULTURAL AND SPORTING",Terengganu,15,SA,729522.14
CUST_ADfbH,CACC_QrlhCyS,10,ACADEMICIANS,WP Putrajaya,78,SA,471693.03
CUST_7hlfs,CACC_03OEvEO,31,PRODUCTION AND MANUFACTURING MANAGERS,WP Labuan,107,CA,521762.04
CUST_5GzG2,CACC_aAHvsJn,39,COMPANY DIRECTOR,Perak,74,SA,898130.27
CUST_Y71za,CACC_irnSExo,65,OPTOMETRISTS AND OPHTHALMIC OPTICIANS,WP KL,23,CA,180788.13
CUST_NGJaa,CACC_eAE5a8B,44,MANUFACTURE OF OTHER NON-METALLIC,Pulau Pinang,39,CA,174619.68
CUST_Km9zA,CACC_12FmXDz,19,ARCHITECT,WP KL,122,SA,32689.18
CUST_srCJh,CACC_c1OOCPt,92,SCHEDULED AIR TRANSPORT,Kelantan,11,CA,80369.29
CUST_zPE65,CACC_f2Pj0lr,36,PERSONAL SERVICES WORKERS NOT ELWHE,Pulau Pinang,237,CA,198197.93
CUST_aFAIF,CACC_C3m3DBW,28,EDUCATION,Selangor,104,CA,580480.25
CUST_L0mXN,CACC_V7EEAX4,23,DOCTOR VETERINAR,Pahang,200,CA,428449.81
CUST_Y8Z8Y,CACC_oH7dHNG,22,GENERAL WORKER,Sabah,54,SA,369634.65
CUST_odw7o,CACC_T4EX8sy,60,COMPANY DIRECTOR,Terengganu,21,CA,69231.25
CUST_rV0eh,CACC_MZPRLC6,25,ELEMENTARY OCCUPATIONS,Sabah,228,CA,723772.92
CUST_zEoU4,CACC_ZJgqlzT,10,TEACHER/LECTURER,WP Putrajaya,208,SA,89019.85
CUST_Ld7gt,CACC_D1KXqKx,85,CRAFT AND RELATED TRADES WORKERS,Kedah,214,CA,853644.81
CUST_bPjEM,CACC_KXk2NUd,76,HUMAN HEALTH AND SOCIAL WORK ACTIVITIES,Perlis,134,SA,795545.97
CUST_9rIsY,CACC_v9wtlZJ,48,EDITOR/WRITER,Perlis,11,SA,989093.03
CUST_AxuOX,CACC_jthid33,46,CLERICAL SUPPORT WORKERS,Selangor,201,SA,477701.0
CUST_43ckA,CACC_R2lHy49,14,GENERAL WORKER,WP Labuan,31,SA,685246.1
CUST_yAqaE,CACC_uWfrnDO,78,PERSONAL SERVICES WORKERS NOT ELWHE,WP KL,103,CA,521491.07
CUST_kbNgO,CACC_PYmMl69,42,PERSONAL SERVICES WORKERS NOT ELWHE,Perak,106,CA,305550.06
CUST_XqiJo,CACC_tgTJ0cm,78,TECHNICIAN,WP KL,91,CA,872117.09
CUST_bVrCv,CACC_hDQerJY,23,NON-EXECUTIVE,Terengganu,140,CA,693889.95
CUST_7jHuG,CACC_zLakZ5Q,97,SHIPS DECK OFFICERS AND PILOTS,Kelantan,61,CA,8716.4
CUST_KbZ5N,CACC_hfpiUxq,23,SERVICE AND SALES WORKERS,Kedah,74,SA,987187.61
CUST_wUbKH,CACC_vNrSVnz,34,GOVERNMENT SERVANT,Pulau Pinang,181,CA,592173.61
CUST_988WP,CACC_U5ATlLu,16,ENGINEER,Sarawak,204,CA,11033.63
CUST_Y7Xls,CACC_eITAgSn,37,RENTING OF MACHINERY&EQUIPMENT W/O,Melaka,238,SA,189572.33
CUST_PVwdA,CACC_9u7CT3G,33,BUILDING ARCHITECTS,Kelantan,97,SA,596485.45
CUST_Hi4WV,CACC_m5QxWP9,29,COMPUTER PROGRAMMER,Sabah,182,CA,805792.12
CUST_lM9VE,CACC_lce2f1b,90,MEDICAL DOCTOR,Negeri Sembilan,129,SA,297482.22
CUST_FLlgZ,CACC_MhFecmd,88,VOCATIONAL EDUCATION TEACHERS,Selangor,224,SA,974592.95
CUST_yL2Cv,CACC_Wg8lFwz,71,CHILDREN BELOW AGE,Perak,51,SA,487166.71
CUST_3X9U1,CACC_BtCjieS,41,GENERAL OFFICE CLERKS,Pulau Pinang,60,SA,67467.57
CUST_erNpw,CACC_tlTTZsE,57,SHIPS DECK OFFICERS AND PILOTS,WP Labuan,185,CA,198060.95
CUST_k2mol,CACC_qnORY1F,77,ARCHITECT,WP KL,27,CA,725728.4
CUST_z6wsz,CACC_H9C6sqB,91,GENERAL OFFICE CLERKS,Kelantan,18,SA,631665.38
CUST_oj6bV,CACC_B4bBggy,33,MANUFACTURE OF OTHER NON-METALLIC,Kedah,200,SA,586217.68
CUST_uYj2o,CACC_beoaQlg,74,FINANCIAL INTERMEDIATION,Pahang,222,SA,956975.89
CUST_Ks5Dz,CACC_Z6vUsLM,15,IT SPECIALIST,Melaka,161,CA,756145.2
CUST_9XBJ5,CACC_bWTzVmZ,49,DOCTOR VETERINAR,WP Putrajaya,122,CA,202485.04
CUST_Hs9e8,CACC_NQTO1Nb,72,DOCTOR,Pulau Pinang,118,SA,49169.14
CUST_tpYN5,CACC_gDqHKyS,61,LAWYER/SOLICITOR,Perak,205,SA,585232.83
CUST_IftWa,CACC_TC3CuHn,41,PROFESSIONAL POLICE INSPECTOR & DET,Terengganu,174,CA,790264.13
CUST_hWI2H,CACC_1kvkv7B,67,MOTOR VEHICLE MECHANICS AND REPAIRE,Terengganu,228,SA,606235.81
CUST_RXWaB,CACC_MT5l0H5,79,GENERAL WORKER,Kelantan,69,SA,872999.92
CUST_7lpoC,CACC_z6cRvaU,57,POLICE OFFICERS,Sabah,83,CA,592315.72
CUST_9QlTs,CACC_h9fRTNc,26,PHYSICAL & ENGINEERING SCIEN TECHNICIANS,Kedah,178,SA,593496.93
CUST_cXLgy,CACC_33ndbUI,84,REAL ESTATE ACTIVITIES,Selangor,74,CA,446305.4
CUST_ufxqT,CACC_3x3as8N,85,STEWARD/STEWARDESS,Kedah,175,CA,368295.56
CUST_3wYhP,CACC_UaBHTB7,56,VOCATIONAL EDUCATION TEACHERS,Kedah,189,CA,193105.89
CUST_r7X8g,CACC_RogppjH,24,DOCTOR VETERINAR,WP Labuan,227,CA,234916.68
CUST_CKomO,CACC_yEMv2L1,55,PILOT,Kelantan,58,CA,815749.06
CUST_bjwu3,CACC_emAVWnr,86,MANUFACTURE OF TOBACCO PRODUCTS,WP KL,187,SA,110909.69
CUST_rhk09,CACC_LxIh4th,82,SEAMSTRESS,Terengganu,217,SA,402197.86
CUST_5VQoC,CACC_vqTWEJn,27,SELF-EMPLOYED,WP Putrajaya,222,SA,522189.23
CUST_yqtYQ,CACC_zBVPcFb,89,ACADEMICIANS,Selangor,156,CA,819468.81
CUST_asVYt,CACC_GNi21xD,71,CHILDREN BELOW AGE,Melaka,12,SA,950501.22
CUST_CExyZ,CACC_fhG1eE5,71,CHILDREN BELOW AGE,WP KL,174,CA,53419.75
CUST_2j1fV,CACC_dFkqNE5,63,WAITER/WAITRESS,Terengganu,226,CA,642353.18
CUST_mLttQ,CACC_gm4V9ah,57,TELECOMMUNICATION,Perak,166,CA,119536.49
CUST_wBCDU,CACC_kw7LFme,32,GENERAL WORKER,Sabah,59,CA,145917.72
CUST_wW6aO,CACC_4xlwyND,85,PRIMARY SCHOOL & EARLY CHILDHOOD TEACHERS,Negeri Sembilan,220,SA,215209.7
CUST_vQzOH,CACC_QmHnaC9,41,ENGINEERING PROF(INCL ELECTROTECHNO,Pulau Pinang,137,SA,626196.67
CUST_bu6Er,CACC_wbOZ37H,43,MANAGERS,WP Labuan,107,CA,913442.32
CUST_wkWNh,CACC_MTeOP17,14,ECONOMISTS,WP Putrajaya,200,CA,620184.64
CUST_vugL0,CACC_DXsHwYC,66,LANGUAGE TEACHERS,Terengganu,126,SA,16580.55
CUST_RjapH,CACC_CI7PSrY,13,REAL ESTATE ACTIVITIES,WP Labuan,143,CA,377344.11
CUST_k56SG,CACC_5WbiqYm,80,VOCATIONAL EDUCATION TEACHERS,Kedah,195,SA,507239.4
CUST_TtCP7,CACC_4MPoWLc,10,RENTAL OF PERSONAL AND HOUSEHOLD GOODS,Perlis,85,SA,527592.12
CUST_WKo75,CACC_VynbaNo,32,EDITOR/WRITER,Pulau Pinang,16,SA,173010.02
CUST_xbPha,CACC_6aJus5G,65,"SALES, MARKETING & PUBLIC RELATIONS",WP Putrajaya,74,SA,499330.33
CUST_lzmoc,CACC_yje82jD,58,GENERAL OFFICE CLERKS,Terengganu,183,SA,285292.56
CUST_4lFWt,CACC_6ITYj22,59,"PLANT AND MACHINE OPERATORS, AND ASSEMBLERS",WP Putrajaya,10,CA,463773.36
CUST_K6JzD,CACC_4WvTyz2,33,TELECOMMUNICATION,Kedah,197,SA,678342.78
CUST_on7Mv,CACC_MCxZ5zJ,20,FIRE FIGHTER,Negeri Sembilan,126,SA,396125.64
CUST_aXzXv,CACC_HiUkQ7Q,64,LAWYER/SOLICITOR,Kedah,176,CA,655030.42
CUST_Vg1hv,CACC_lRxajjt,17,OPTOMETRISTS AND OPHTHALMIC OPTICIANS,Pulau Pinang,8,SA,751033.65
CUST_TZ4RI,CACC_kkDvAAd,60,LAWYER/SOLICITOR,WP KL,92,SA,619953.99
CUST_jpKyF,CACC_riksFIn,33,"LIBRARIANS, ARCHIVISTS AND CURATORS",WP KL,207,SA,926189.58
CUST_RzkTe,CACC_xipv9iE,21,DOCTOR VETERINAR,Kedah,72,SA,76832.75
CUST_u5yuE,CACC_DVbVK8w,74,ADMINISTRATIVE ASSOCIATE PROFESSION,Pulau Pinang,5,SA,334425.79
CUST_cPu9o,CACC_FCdDpSM,50,MEDICAL DOCTOR,Melaka,52,CA,402430.65
CUST_SDaf6,CACC_AMxpEBY,86,ARCHITECT,Terengganu,215,SA,124497.95
CUST_lSIhb,CACC_QprUqei,68,SHIP ENGINEER,Pahang,178,SA,88825.62
CUST_qCrQn,CACC_4H6uEni,43,OTHER SERVICE ACTIVITIES,WP Putrajaya,227,SA,411262.06
CUST_mC9ok,CACC_G7fkCQX,95,"RETAIL TRADE,EXCEPT OF MOTOR",Sabah,128,CA,753485.19
CUST_9TUeP,CACC_CY28XMv,54,STUDENT,Kelantan,39,CA,232629.01
CUST_pUrs6,CACC_II4ONGN,65,SECRETARY,Terengganu,17,CA,886656.89
CUST_SARVI,CACC_min4oS9,92,SHIP ENGINEER,Perlis,121,CA,271210.77
CUST_1735O,CACC_Bo5GSTh,79,EDUCATION,Perlis,75,CA,860900.08
CUST_j60KJ,CACC_UeT1fjg,60,TANNING&DRESSING OF LEATHER;MFR OF,WP Labuan,217,CA,959600.3
CUST_gnClm,CACC_YFIHQ8l,88,HEALTH AND SOCIAL WORK,Negeri Sembilan,142,SA,571256.07
CUST_mEnw0,CACC_bQ1wq88,23,ACCOUNTANT,Sabah,137,CA,288624.15
CUST_TLkUN,CACC_V1B6fMh,40,MANUFACTURE OF TEXTILES,Negeri Sembilan,239,CA,496615.24
CUST_y5rw6,CACC_7PT5vKR,84,EDITOR/WRITER,Selangor,153,SA,428650.06
CUST_QQ717,CACC_nmeCneL,56,"OTHER COMMUNITY, SOCIAL & PERSONAL",Perak,150,CA,822953.58
CUST_jbGAw,CACC_fKRtiUR,43,RELIGIOUS TEACHERS,Sabah,174,SA,574911.56
CUST_0MDmj,CACC_5Pd5BzH,78,SECTOR N.E.C,WP KL,67,CA,881629.06
CUST_zYW8u,CACC_ofWhnFr,40,CONSULTANT,WP Labuan,193,CA,846358.38
CUST_LWqBD,CACC_oJpi3Cq,69,TEACHER/LECTURER,WP Putrajaya,46,CA,813934.29
CUST_7xyqB,CACC_JJzmdHX,45,AIRCRAFT PILOTS & RELATED PROFESSIONALS,Kelantan,111,SA,394486.49
CUST_X702R,CACC_fR9JVFl,93,OTHER SERVICE ACTIVITIES,Selangor,131,CA,225852.62
CUST_vBRO0,CACC_zbIJUG1,38,"MUSIC, ARTS AND PERFORMING ARTS TEACHERS",Sabah,98,SA,246056.42
CUST_ZbQRK,CACC_pjTYAyr,45,CLERICAL,Perlis,137,SA,895174.6
CUST_6tBF3,CACC_XyyX40i,64,CLERK,Sarawak,140,CA,614320.42
CUST_Yq1GX,CACC_a988JYA,52,COMPANY DIRECTOR,Perak,72,CA,471933.52
CUST_ltflq,CACC_DVVHsTQ,37,HOSPITALITY & REL SERVICES PROFESSI,Negeri Sembilan,123,CA,817853.53
CUST_DtmRO,CACC_NNaaHh6,52,"PLANT AND MACHINE OPERATORS, AND ASSEMBLERS",Sarawak,20,CA,800597.06
CUST_Vexy3,CACC_8oTPaOx,62,SHIPS DECK OFFICERS AND PILOTS,Pahang,41,CA,285383.46
CUST_qUjlg,CACC_pLFFo8k,62,SECRETARY,Sarawak,89,CA,671436.38
CUST_VmWJp,CACC_ZNjA8XZ,25,OTHERS,Perlis,125,CA,381369.41
CUST_r6xFF,CACC_UI4WHRm,95,TEACHER/LECTURER,WP Labuan,60,SA,874863.36
CUST_3IEM1,CACC_GFzghMf,26,ENGINEERING PROF(INCL ELECTROTECHNO,WP KL,198,SA,393362.55
CUST_7bRsi,CACC_CPQ4NvA,12,WAITER/WAITRESS,WP Labuan,205,SA,532787.15
CUST_hWmll,CACC_h6C3sq3,12,MANUFACTURE OF TOBACCO PRODUCTS,Sabah,196,SA,468458.48
CUST_my2n8,CACC_vOmaAd3,73,BUILDING ARCHITECTS,WP Labuan,78,CA,170474.47
CUST_ELBE8,CACC_OHr053y,60,"EDUCATION, HEALTH AND OTHERS",WP KL,234,CA,249745.41
CUST_w6koH,CACC_2M90Ftz,32,TANNING&DRESSING OF LEATHER;MFR OF,Melaka,12,SA,226474.9
CUST_48tjm,CACC_OpcLUNr,39,BUILDING ARCHITECTS,Perlis,238,CA,556530.44
CUST_fQwEY,CACC_4c4vOfx,11,HOTELS AND RESTAURANTS,Perlis,222,SA,355346.01
CUST_aFvi4,CACC_TB79IRB,70,OTHER SERVICE ACTIVITIES,Perak,44,CA,784730.44
CUST_0pgEy,CACC_86RjpMV,76,ACCOUNTANTS,Melaka,42,CA,892915.7
CUST_9zK8D,CACC_K5HA6Vj,90,PENSIONER,Sabah,75,CA,334160.45
CUST_DD7v9,CACC_cnEe2P7,59,POLICE OFFICERS,Pahang,145,CA,181604.96
CUST_lRazy,CACC_UlmbhVD,15,RELIGIOUS PROFESSIONALS,Negeri Sembilan,171,CA,93200.02
CUST_yHjYm,CACC_mr1ihNL,61,CRAFT AND RELATED TRADES WORKERS,WP KL,130,CA,764835.52
CUST_mjNPY,CACC_iVgRVoA,87,"SKILLED AGRICULTURAL, FORESTRY, LIVESTOCK AND FISHERY WORKERS",Perlis,189,CA,186743.44
CUST_rom0m,CACC_P2tutrt,28,ARCHITECT,Perlis,238,CA,225374.81
CUST_YVwQ1,CACC_xnaAQMv,13,"RECREATIONAL, CULTURAL AND SPORTING",Perlis,202,CA,882089.5
CUST_DaD5i,CACC_rb0fYux,17,"MANUFACTURE OF WEARING APPAREL, DRE",Sarawak,218,SA,698458.71
CUST_zqY5x,CACC_VUKaef3,57,OTHER AGRICULTURE,Selangor,128,CA,919117.75
CUST_Pmi8t,CACC_SWGhKeZ,68,LANGUAGE TEACHERS,Kelantan,143,CA,72547.73
CUST_9qkXi,CACC_LjaYaCv,63,PILOT,Perlis,110,CA,841135.95
CUST_PSsO5,CACC_DXhKRtM,70,SHIP ENGINEER,WP Putrajaya,72,CA,799532.65
CUST_js1Uf,CACC_orFSQhV,29,EDITOR/WRITER,Melaka,16,CA,354789.85
CUST_LR9iA,CACC_aeSkC6j,77,PROFESSIONAL POLICE INSPECTOR & DET,Terengganu,135,SA,259816.28
CUST_fWE2j,CACC_buA1FK0,57,EDUCATION,Perlis,32,SA,637826.26
CUST_sY9ZH,CACC_fPJSE35,19,PHYSICAL & ENGINEERING SCIEN TECHNICIANS,Pulau Pinang,79,CA,691915.9
CUST_aJ2Zj,CACC_5aBIuYd,31,"PLANT AND MACHINE OPERATORS, AND ASSEMBLERS",Sabah,132,SA,385475.69
CUST_v9d2z,CACC_PrOxiuS,94,DOCTOR,WP KL,172,CA,739857.11
CUST_Ec5iP,CACC_DIUGaRc,30,ACADEMICIANS,WP KL,204,CA,626803.39
CUST_TjUrg,CACC_w9wIHvy,62,SHIPS DECK OFFICERS AND PILOTS,Pulau Pinang,131,SA,770418.34
CUST_GKKEx,CACC_MH4WTVi,40,OPTOMETRISTS AND OPHTHALMIC OPTICIANS,Kedah,121,SA,595898.36
CUST_vexML,CACC_lbsl9qy,15,BANKER,Kelantan,70,CA,328847.03
CUST_grvWb,CACC_IG1k2ex,61,CONSULTANT,Sarawak,48,SA,45059.75
CUST_AuJD3,CACC_3RgXt76,24,RELIGIOUS TEACHERS,WP Labuan,54,SA,40042.47
CUST_8NZuF,CACC_1VqF9pa,49,STUDENT,Perlis,136,SA,596766.68
CUST_vxhmM,CACC_odCfall,35,OTHERS,Perak,30,SA,287880.23
CUST_qtSUk,CACC_8IuvnPV,70,SYSTEM ANALYSTS,Terengganu,17,SA,980759.39
CUST_aD2W4,CACC_UxSMl9v,96,RECEPTIONIST,Sarawak,18,CA,220071.44
CUST_PGHGo,CACC_0Q4ZiVt,84,DENTIST,Perlis,178,CA,451270.17
CUST_1T6Xn,CACC_C22whrP,29,"MINING,MANUFACTURING & CONSTRUCTION PROF",Perak,52,SA,683876.3
CUST_q4lSQ,CACC_WMZa3bG,41,"EDUCATION, HEALTH AND OTHERS",WP Putrajaya,158,CA,371774.09
CUST_llCcW,CACC_EmoOsk0,34,LANGUAGE TEACHERS,Kedah,49,SA,433054.92
CUST_Ygj3z,CACC_hHBr71E,58,RENTAL OF PERSONAL AND HOUSEHOLD GOODS,Sarawak,62,SA,587863.15
CUST_ZKO7U,CACC_2sZdZKQ,28,EDITOR/WRITER,Negeri Sembilan,143,CA,767530.67
CUST_jKHKK,CACC_arZuPkB,74,DOCTOR VETERINAR,Terengganu,94,CA,815063.32
CUST_IVmJJ,CACC_d1Rlpru,48,OTHER SERVICE ACTIVITIES,Pahang,131,SA,939550.89
CUST_xaHQP,CACC_wumGzXS,51,PROFESSIONAL POLICE INSPECTOR & DET,WP Putrajaya,106,CA,457951.58
CUST_a9wUP,CACC_aLBoON8,77,ACTORS,Perak,166,SA,317790.56
CUST_iNjqX,CACC_wvxDi8A,57,GENERAL OFFICE CLERKS,Perak,102,SA,410500.43
CUST_p34Pb,CACC_flW41fM,21,CARTOGRAPHERS AND SURVEYORS,Selangor,75,SA,36318.71
CUST_cStTN,CACC_D1mMpzo,77,EXTRA-TERRITORIAL ORGANISATIONS AND,WP Labuan,113,CA,249623.22
CUST_H2oXV,CACC_0viSby9,11,SEAMSTRESS,Kelantan,212,CA,274642.79
CUST_JoQvh,CACC_l5iwcKr,22,"MANUFACTURE OF WEARING APPAREL, DRE",Pahang,129,SA,161953.17
CUST_cStOh,CACC_5lZbgAB,10,ADMINISTRATIVE ASSOCIATE PROFESSION,Kelantan,79,SA,329141.96
CUST_x5Ekb,CACC_hpOT8M1,52,"MINING,MANUFACTURING & CONSTRUCTION PROF",Pahang,57,CA,941372.76
CUST_VuyMJ,CACC_VFaPxvb,12,NURSE,Kelantan,171,CA,146632.17
CUST_tHoID,CACC_TIIXCuH,89,ACTORS,Selangor,150,SA,986699.53
CUST_idRG0,CACC_GVl8vJY,64,CONSULTANT,Kelantan,97,SA,204092.75
CUST_Ds2wE,CACC_AAkujoV,88,EXTRA-TERRITORIAL ORGANISATIONS AND,Selangor,104,CA,931250.2
CUST_WrUJj,CACC_LBEjS7K,44,ACCOUNTANTS,Melaka,105,SA,379187.15
CUST_nbykN,CACC_KASc9SL,70,CARTOGRAPHERS AND SURVEYORS,Pahang,233,SA,922872.08
CUST_KRcqk,CACC_yr8J8rC,15,NURSE,Selangor,149,SA,149269.27
CUST_pJOmG,CACC_vAjPBvN,56,RELIGIOUS PROFESSIONALS,Melaka,163,CA,155069.68
CUST_sg96S,CACC_jaBmv3v,51,TANNING&DRESSING OF LEATHER;MFR OF,Negeri Sembilan,65,SA,34567.55
CUST_H3k8U,CACC_7X8Aqot,35,LANDSCAPE ARCHITECTS,Sarawak,240,SA,161129.58
CUST_a9P1F,CACC_N8APZJv,10,SERVICE MANAGER,Sabah,147,CA,589831.0
CUST_gsXkP,CACC_IgXgpvC,32,SYSTEM ANALYSTS,Perak,143,CA,697312.57
CUST_GDEVy,CACC_RkPBRdO,42,HOTELS AND RESTAURANTS,Selangor,141,CA,563179.23
CUST_EOngQ,CACC_VT85UbE,74,EDITOR/WRITER,WP Labuan,162,SA,321651.94
CUST_7et27,CACC_s86Tja0,52,LANDSCAPE ARCHITECTS,Kelantan,220,CA,11285.63
CUST_yd68F,CACC_jYOilcM,24,ACADEMICIANS,WP KL,57,CA,168728.02
CUST_Ie8cJ,CACC_wTSkpEm,83,MANUFACTURE OF TEXTILES,Pahang,180,CA,324473.22
CUST_rffOf,CACC_2PBj44O,58,MOTOR VEHICLE MECHANICS AND REPAIRE,Kedah,231,SA,153662.51
CUST_i8bQl,CACC_uOi3eoy,88,GENERAL WORKER,Sarawak,49,CA,913389.77
CUST_nmEzS,CACC_YRB7rAw,81,ELEMENTARY OCCUPATIONS,Melaka,84,SA,11907.91
CUST_J9DcN,CACC_x6ebMp2,24,VOCATIONAL EDUCATION TEACHERS,Negeri Sembilan,165,SA,797282.47
CUST_jMIcc,CACC_LmpwdXp,69,MFR OF WOOD&PRODS OF WOOD&CORK EXCE,WP Labuan,28,SA,257224.76
CUST_CUPvY,CACC_XYr5uyh,63,RECEPTIONIST,Selangor,84,CA,283537.2
CUST_EooUY,CACC_tYm73Jq,24,DENTISTS,WP Putrajaya,48,CA,650847.18
CUST_VStp7,CACC_iiBuA31,52,TECHNICIAN,Kelantan,66,SA,505774.13
CUST_JuEtG,CACC_eg6Q8Py,46,SHIP ENGINEER,Melaka,159,SA,716159.33
CUST_5V8nZ,CACC_kBs16iK,73,LANGUAGE TEACHERS,WP Labuan,46,SA,278289.33
CUST_3wdyB,CACC_GfGqlHI,76,GENERAL WORKER,Sabah,148,CA,241369.32
CUST_vNoeC,CACC_3VYXFDH,15,CHILDREN BELOW AGE,Kedah,232,SA,160422.09
CUST_RVcHl,CACC_jca0Gbi,28,LANGUAGE TEACHERS,Terengganu,191,SA,309612.55
CUST_GA4cB,CACC_ZpQdz06,83,OTHER NON-SCHEDULED PASSENGER LAND,Selangor,209,SA,472939.89
CUST_HluDR,CACC_CPXiMAE,84,PROFESSIONAL POLICE INSPECTOR & DET,Kelantan,54,SA,98170.02
CUST_nCTPP,CACC_Fk3oBup,98,EXTRA-TERRITORIAL ORGANISATIONS AND,WP KL,156,SA,244930.26
CUST_CtXMZ,CACC_x5FY7WF,35,AIRCRAFT PILOTS & RELATED PROFESSIONALS,Kelantan,24,CA,590026.22
CUST_Fd2qE,CACC_1oVqjvv,79,DOCTOR,Kelantan,83,CA,750861.25
CUST_qD6GE,CACC_JArWKYU,33,MANAGERS,Pahang,214,CA,698220.43
CUST_R7Czf,CACC_J7TN7mv,78,RELIGIOUS PROFESSIONALS,Pahang,211,SA,948152.87
CUST_h59Tv,CACC_egTbcZ6,32,EXECUTIVE,Selangor,81,CA,393310.81
CUST_Yv6bo,CACC_fHcP1Gs,31,HEALTH AND SOCIAL WORK,Sarawak,144,CA,570773.53
CUST_wj6jk,CACC_YpD7RPw,25,"SALES, MARKETING & PUBLIC RELATIONS",Perak,38,CA,859694.33
CUST_PW4UM,CACC_TLEkjV3,34,PENSIONER,Terengganu,156,CA,789926.99
CUST_OcNL5,CACC_wRuImsi,44,TEACHER/LECTURER,Pulau Pinang,64,CA,985366.03
CUST_xbPZM,CACC_gBPiEhs,30,EDUCATION,Sabah,174,SA,5084.47
CUST_u9t7S,CACC_cShZWj8,37,CLERICAL,Selangor,154,SA,924287.96
CUST_AVx3Z,CACC_kUz2ptN,44,OTHER AGRICULTURE,Sarawak,110,CA,749540.03
CUST_KBHY9,CACC_ARIA9RH,28,ACTORS,Melaka,113,CA,918672.75
CUST_zxCh4,CACC_0stYF8P,67,COMPUTER PROGRAMMER,Negeri Sembilan,53,SA,97634.95
CUST_3JCvR,CACC_n6sxO9B,84,CARTOGRAPHERS AND SURVEYORS,Kedah,189,SA,495585.25
CUST_KYwYQ,CACC_wBA0AhM,65,"FINANCE, INSURANCE, REAL ESTATE AND",Terengganu,51,CA,215649.15
CUST_85p6z,CACC_NvgrkpI,55,PERSONAL SERVICES WORKERS NOT ELWHE,Negeri Sembilan,146,SA,244551.39
CUST_tZISI,CACC_HYtmic6,49,ENGINEERING PROF(INCL ELECTROTECHNO,WP Labuan,80,CA,446087.12
CUST_aDrez,CACC_qQiqCyl,92,OTHER SERVICE ACTIVITIES,Terengganu,47,CA,448513.42
CUST_clMcT,CACC_pGzNsMj,75,"SALES, MARKETING & PUBLIC RELATIONS",Kedah,130,SA,815782.04
CUST_dV4Yr,CACC_6KiYMeL,58,"RECREATIONAL, CULTURAL AND SPORTING",Kelantan,210,CA,337555.96
CUST_HZF46,CACC_IgSLxO6,91,PENSIONER,Terengganu,25,SA,267372.94
CUST_iCCaX,CACC_DoEwLq3,31,PHYSICAL & ENGINEERING SCIEN TECHNICIANS,Negeri Sembilan,31,CA,780940.9
CUST_YoPLb,CACC_ztTwapK,69,SHIP ENGINEER,Sarawak,132,CA,205339.32
CUST_F6Rl2,CACC_e0Q8G0G,51,COOKS,Sarawak,134,SA,874835.67
CUST_bFkrQ,CACC_R87zqCV,92,MANAGING DIRECTORS AND CHIEF EXECUTIVES,WP Labuan,47,SA,964584.75
CUST_YqKHm,CACC_SRDuQQY,21,"FINANCE, INSURANCE, REAL ESTATE AND",WP Labuan,16,CA,390337.11
CUST_ImH9N,CACC_gHQAjhI,17,EXTRA-TERRITORIAL ORGANISATIONS AND,Negeri Sembilan,42,CA,953208.45
CUST_hU3Dx,CACC_GQlNwRN,29,RELIGIOUS TEACHERS,Kedah,231,SA,640981.58
CUST_sTSpi,CACC_xB8TtjK,78,TEACHER/LECTURER,Sabah,141,CA,646462.4
CUST_mxFfF,CACC_WEOGRji,49,ADMINISTRATIVE ASSOCIATE PROFESSION,Kedah,226,CA,255260.99
CUST_tOwBb,CACC_4XIfZfZ,37,DOCTOR VETERINAR,Sabah,145,SA,451353.79
CUST_yvEyF,CACC_OHUbu7x,52,TRANSPORT VIA RAILWAYS (MRS),Melaka,42,SA,270683.63
CUST_D93pP,CACC_jMVkHGT,70,OPTOMETRISTS AND OPHTHALMIC OPTICIANS,Pahang,158,CA,332443.9
CUST_mApoH,CACC_jmNrbr0,82,FINANCIAL AND INVESTMENT ADVISERS,Sarawak,112,CA,193088.24
CUST_qhEi1,CACC_dEcgcki,27,HOUSEHOLD,Selangor,64,CA,688928.12
CUST_sPHSy,CACC_OUlb9XF,75,PILOT,Kelantan,105,CA,98406.76
CUST_TyF40,CACC_HzurGUt,91,"PLANT AND MACHINE OPERATORS, AND ASSEMBLERS",Kedah,69,SA,761045.47
CUST_EqsPB,CACC_4LWloTz,61,"MUSIC, ARTS AND PERFORMING ARTS TEACHERS",Selangor,18,CA,376601.08
CUST_aMeqa,CACC_zsF3mBT,79,SECONDARY EDUCATION TEACHERS,Pahang,145,CA,996016.15
CUST_SkPff,CACC_fWIwNOe,16,TEACHER/LECTURER,Pahang,200,CA,735106.94
CUST_fP9Nb,CACC_BP7p3V1,67,TEACHER/LECTURER,Sabah,39,SA,183873.69
CUST_MGTC0,CACC_WDyc3RA,40,PENSIONER,Melaka,146,CA,123874.95
CUST_iuUB8,CACC_6wRXh2n,41,NURSE,Melaka,118,CA,70326.35
CUST_SWpg9,CACC_JwpBkma,86,SELF-EMPLOYED,Sarawak,221,CA,982232.47
CUST_5r23v,CACC_FAeXlrb,38,SERVICE MANAGER,WP Putrajaya,227,CA,714952.81
CUST_mn6ja,CACC_IRmoGAv,16,RENTING OF MACHINERY&EQUIPMENT W/O,Kedah,167,CA,188641.22
CUST_rSF2x,CACC_niSf2vV,18,DOCTOR,Kelantan,194,SA,986592.42
CUST_43eik,CACC_L4tabPG,69,OTHER AGRICULTURE,Melaka,172,SA,678043.75
CUST_X9n1Z,CACC_Qbxhteq,98,ENGINEER,Kedah,35,SA,364741.82
CUST_6u7Ld,CACC_OsjtynR,72,PENSIONER,Kedah,124,SA,257404.95
CUST_Ul0st,CACC_5cT1BBh,94,SHIP ENGINEER,Perlis,199,CA,57786.9
CUST_Ldl1H,CACC_dwt03lf,99,UNIVERSITY AND HIGHER EDUCATION TEACHER,WP Putrajaya,176,CA,143384.51
CUST_8o1lZ,CACC_HFSiuSC,87,DENTISTS,Pahang,73,CA,26953.09
CUST_YUIgp,CACC_mx0MHMU,32,POLICE OFFICERS,Perlis,170,CA,388114.74
CUST_yKlLG,CACC_Qi7YDmH,68,OTHERS,Selangor,141,CA,154388.29
CUST_TZ81f,CACC_4WokI8P,61,RECEPTIONIST,Selangor,184,CA,916688.62
CUST_Oi1YO,CACC_YEOQPhi,93,AIRCRAFT PILOTS & RELATED PROFESSIONALS,Terengganu,128,SA,416762.43
CUST_EDGzS,CACC_nlvV9cb,17,PENSIONER,Negeri Sembilan,19,CA,95443.92
CUST_RCYhW,CACC_rtgN8XR,19,EXTRA-TERRITORIAL ORGANISATIONS AND,Pulau Pinang,46,SA,790669.74
CUST_DuvAh,CACC_7CmE6GD,97,IT SPECIALIST,Sabah,39,SA,354866.44
CUST_wQefA,CACC_I4GAJeC,77,LANGUAGE TEACHERS,Kedah,198,CA,330667.49
CUST_imSvv,CACC_8BLscgq,85,HOUSEHOLD,Selangor,196,CA,695582.48
CUST_78kVf,CACC_E7wfo7P,78,ADMINISTRATIVE ASSOCIATE PROFESSION,Melaka,191,SA,677208.24
CUST_bkLzl,CACC_taUUrAv,51,ADMINISTRATIVE ASSOCIATE PROFESSION,Pahang,157,CA,439406.13
CUST_QAEci,CACC_w4tUdBk,53,"OTHER COMMUNITY, SOCIAL & PERSONAL",Kelantan,36,SA,100021.82
CUST_yQbS2,CACC_yuEu7SF,56,ENGINEERING PROF(INCL ELECTROTECHNO,Kedah,36,CA,284936.2
CUST_VIDBJ,CACC_Z3qV6uI,95,"OTHER COMMUNITY, SOCIAL & PERSONAL",Pulau Pinang,174,CA,898260.62
CUST_phGYj,CACC_vNzJyJl,95,COMPANY DIRECTOR,Sabah,221,SA,114923.19
CUST_WZzij,CACC_tomaJ19,36,EDITOR/WRITER,Selangor,74,CA,801926.64
CUST_9pfXn,CACC_LX0bmJq,65,TELECOMMUNICATION,Pahang,116,CA,553057.71
CUST_qd9za,CACC_u4oVe4y,97,OTHER SERVICE ACTIVITIES,Pahang,228,CA,37406.56
CUST_9GkMy,CACC_lz0fjgP,34,MOTOR VEHICLE MECHANICS AND REPAIRE,Kelantan,28,SA,565360.02
CUST_1cF4x,CACC_HogKU25,37,RELIGIOUS TEACHERS,Kedah,6,CA,696146.75
CUST_mtG0G,CACC_iEQO9Mn,36,CLERK,Kedah,117,SA,228156.6
CUST_IwGzh,CACC_86eFB0h,40,CHILDREN BELOW AGE,Melaka,235,SA,951547.04
CUST_whXcR,CACC_csIXlJv,39,"FORESTRY, LOGGING AND RELATED SERVI",WP Putrajaya,231,CA,641696.24
CUST_93guS,CACC_HEQ3fvU,63,"PLANT AND MACHINE OPERATORS, AND ASSEMBLERS",Sabah,139,SA,819829.13
CUST_l5H1v,CACC_voWyFpy,26,PRODUCTION AND MANUFACTURING MANAGERS,Perak,130,CA,105347.07
CUST_lh9r7,CACC_z2dwlMX,39,TRANSPORT VIA RAILWAYS (MRS),Terengganu,116,CA,275707.49
CUST_FIns8,CACC_EgKXwvr,19,GENERAL WORKER,Melaka,50,SA,628513.78
CUST_0Autd,CACC_um4E9La,67,"FORESTRY, LOGGING AND RELATED SERVI",Perak,13,CA,433430.58
CUST_96LQ3,CACC_i4ptUD5,51,HEALTH AND SOCIAL WORK,Terengganu,175,SA,491616.61
CUST_63kKG,CACC_nNuuI8J,62,"OTHER COMMUNITY, SOCIAL & PERSONAL",Perlis,7,SA,756318.59
CUST_8uPPh,CACC_kQP7c82,96,CHILDREN BELOW AGE,WP KL,118,CA,942515.01
CUST_h2m2q,CACC_sNc5duv,12,LAWYER/SOLICITOR,Pahang,110,CA,999408.98
CUST_4Lxti,CACC_HZJg2hi,17,PROFESSIONAL GOV SOCIAL BENEFIT OFF,Pulau Pinang,16,SA,25599.01
CUST_4SArM,CACC_yF2P8z6,15,FINANCIAL INTERMEDIATION,Selangor,80,CA,933395.02
CUST_PpL2l,CACC_kX0cKKg,82,WAITER/WAITRESS,Perlis,133,SA,291965.21
CUST_BftQx,CACC_kgouyjC,65,PRODUCTION AND MANUFACTURING MANAGERS,Kedah,50,SA,101875.81
CUST_QkYeB,CACC_1ZLI0wC,18,EXECUTIVE,Sarawak,78,CA,434092.21
CUST_WPHgA,CACC_ACXRgEN,11,MOTOR VEHICLE MECHANICS AND REPAIRE,Sabah,38,SA,604346.87
CUST_fT2Wp,CACC_3YuGEOL,28,"MUSIC, ARTS AND PERFORMING ARTS TEACHERS",WP Labuan,100,CA,506522.66
CUST_532B7,CACC_enz8wXM,86,HOSPITALITY & REL SERVICES PROFESSI,Negeri Sembilan,20,SA,275043.38
CUST_2TxDw,CACC_ZDXMIJL,72,STUDENT,Kelantan,62,CA,351414.55
CUST_HwFPO,CACC_GaHKs2L,43,FINANCIAL AND INVESTMENT ADVISERS,Perlis,137,SA,292408.99
CUST_mJvNd,CACC_5rNaEqP,91,ELEMENTARY OCCUPATIONS,Melaka,85,SA,157685.75
CUST_8lIFi,CACC_VDI2aAI,83,ADMINISTRATIVE ASSOCIATE PROFESSION,Kelantan,169,SA,671920.4
CUST_N3g4w,CACC_dJwG7ez,84,COMPUTER PROGRAMMER,Melaka,144,SA,392770.79
CUST_tHVWy,CACC_D0MrueL,79,AUDITOR,Kedah,128,CA,38818.73
CUST_0B7ad,CACC_MO9rkkJ,12,VOCATIONAL EDUCATION TEACHERS,Negeri Sembilan,121,CA,560643.42
CUST_v4odP,CACC_XETMzgS,42,WAITER/WAITRESS,Perlis,138,SA,666995.47
CUST_FCCTw,CACC_qF6jBJ8,87,"SALES, MARKETING & PUBLIC RELATIONS",Melaka,86,CA,596472.82
CUST_n07rb,CACC_eCG2WtR,62,SERVICE MANAGER,Pahang,167,CA,694075.61
CUST_7ChTW,CACC_HXPHc0K,39,CARTOGRAPHERS AND SURVEYORS,Pulau Pinang,36,CA,892716.81
CUST_Vi3i4,CACC_rjMctsU,49,RELIGIOUS PROFESSIONALS,Kedah,209,SA,163261.84
CUST_Ft8Xv,CACC_4fjJnCn,42,BUILDING ARCHITECTS,Sabah,105,SA,915405.4
CUST_1N0ZF,CACC_5tfyz0c,10,RELIGIOUS PROFESSIONALS,Perak,75,SA,286815.23
CUST_MykAF,CACC_ZsV7VlG,22,OTH BIZ SERV N.E.C,Perlis,222,SA,202757.52
CUST_vDMKl,CACC_P0o55VZ,60,COMPANY DIRECTOR,Sabah,232,SA,944535.21
CUST_uomhw,CACC_ZEAjt9E,57,RENTAL OF PERSONAL AND HOUSEHOLD GOODS,Melaka,68,SA,698663.71
CUST_UR0Kc,CACC_LSiduST,22,"OTHER COMMUNITY, SOCIAL & PERSONAL",WP Putrajaya,158,CA,740471.31
CUST_gdcsM,CACC_vH0jhy2,87,RECEPTIONIST,WP KL,22,SA,691987.9
CUST_cf6O1,CACC_xFhAUXn,19,LAWYER/SOLICITOR,Terengganu,205,CA,834439.31
CUST_tZUvh,CACC_8cv15eU,49,ELEMENTARY OCCUPATIONS,Perlis,219,CA,812526.52
CUST_8gCQA,CACC_9EaXqqx,89,OTHER SERVICE ACTIVITIES,Perlis,92,CA,506024.91
CUST_d71WW,CACC_alcBoSS,75,GENERAL WORKER,Sarawak,160,SA,511221.85
CUST_C4mL8,CACC_XvMN8hA,22,DOCTOR,Kedah,116,CA,232157.25
CUST_oUOre,CACC_iTtjMEC,49,EXTRA-TERRITORIAL ORGANISATIONS AND,Kedah,190,SA,850298.66
CUST_iIw7o,CACC_nwBc8Av,15,SECTOR N.E.C,WP KL,122,CA,659038.17
CUST_ds6st,CACC_H4gR2Ao,19,"MANUFACTURE OF WEARING APPAREL, DRE",Pulau Pinang,41,CA,86451.04
CUST_gvf5E,CACC_WfcMaKi,57,OTH BIZ SERV N.E.C,WP Labuan,168,SA,821630.98
CUST_ByQho,CACC_5fZrAkv,75,COMPANY DIRECTOR,Melaka,136,SA,247976.9
CUST_pigJu,CACC_JQhUJau,98,FIRE FIGHTER,Kelantan,40,SA,328852.72
CUST_4FBbf,CACC_VmjFboY,49,VOCATIONAL EDUCATION TEACHERS,Perak,6,SA,264107.3
CUST_JtTFy,CACC_bYbbsP2,63,MANUFACTURE OF OTHER NON-METALLIC,Melaka,16,CA,364425.14
CUST_0aBG9,CACC_VUIKNes,19,TELECOMMUNICATION,Melaka,84,CA,756571.31
CUST_LwSxF,CACC_3wqokdu,71,PERSONAL SERVICES WORKERS NOT ELWHE,Pahang,226,SA,691910.47
CUST_PWs1r,CACC_isoOlIK,83,POLICE OFFICERS,Terengganu,5,CA,990866.76
CUST_06G03,CACC_VLCtwa4,13,TRANSPORT VIA RAILWAYS (MRS),Sarawak,74,SA,902312.97
CUST_YVk7z,CACC_a8LXljj,12,PRIMARY SCHOOL & EARLY CHILDHOOD TEACHERS,Kelantan,191,CA,789579.25
CUST_TfwuN,CACC_a8rZs1x,50,HEALTH AND SOCIAL WORK,Kedah,96,CA,751348.64
CUST_qU4zL,CACC_hjMbXFz,18,COMPUTER PROGRAMMER,Kelantan,151,CA,310431.56
CUST_t0Cyg,CACC_VeRJZ1s,37,COMPUTER PROGRAMMER,WP Putrajaya,197,CA,447180.84
CUST_2JSZ0,CACC_GCMD9CR,81,POLICE OFFICERS,Perlis,101,CA,432392.19
CUST_0Ftlm,CACC_IFPqimg,59,DENTIST,WP KL,106,SA,932117.05
CUST_42iso,CACC_bgky45B,36,COMPANY DIRECTOR,Pahang,109,CA,838339.76
CUST_YSnjy,CACC_DRzTPEG,73,ECONOMISTS,Selangor,134,SA,749754.38
CUST_ZI6aP,CACC_70SzP5C,29,OTHER AGRICULTURE,Pahang,181,SA,498424.71
CUST_tOdOo,CACC_5K1xu9P,28,MANAGERS,Selangor,239,CA,855976.91
CUST_Pt5QI,CACC_hbFr23b,57,BANKER,Pulau Pinang,35,SA,717085.26
CUST_OOCUL,CACC_YNrwKbY,83,FIRE FIGHTER,Sarawak,85,CA,854217.09
